id	bibcode	title	author	aff	year	pub	volume	page	pubdate	date	bibstem	citation	citation_count	doctype	orcid	property	author_match	orcid_match
20617235	2021MNRAS.507.3030J	['Dust in RCW 58: Clues to common envelope channel formation?']	['Jiménez-Hernández, P.', 'Arthur, S. J.', 'Toalá, J. A.', 'Marston, A. P.']	['Instituto de Radioastronomía y Astrofísica (IRyA), UNAM Campus Morelia, Apartado postal 3-72, 58090 Morelia, Michoacan, Mexico', 'Instituto de Radioastronomía y Astrofísica (IRyA), UNAM Campus Morelia, Apartado postal 3-72, 58090 Morelia, Michoacan, Mexico', 'Instituto de Radioastronomía y Astrofísica (IRyA), UNAM Campus Morelia, Apartado postal 3-72, 58090 Morelia, Michoacan, Mexico', 'European Space Astronomy Centre, ESA, PO Box 78, E-28691 Villanueva de la Cañada, Madrid, Spain']	2021	Monthly Notices of the Royal Astronomical Society	507	['3030']	2021-10-00	2021-10-01T00:00:00Z	['MNRAS', 'MNRAS.507']	['2022MNRAS.509..974G', '2022MNRAS.513.3317Z']	2	article		['ARTICLE', 'DATA', 'EPRINT_OPENACCESS', 'ESOURCE', 'OPENACCESS', 'REFEREED']	('Arthur, S. J.', 86)	
1811537	1991IAUS..148..331A	['Supernova Explosions in Stellar Wind Bubbles']	['Arthur, S. Jane']	['-']	1991	The Magellanic Clouds	148	['331']	1991-00-00	1991-01-01T00:00:00Z	['IAUS', 'IAUS..148']	['1991MNRAS.251...93A']	1	inproceedings		['ADS_OPENACCESS', 'ARTICLE', 'ESOURCE', 'NOT REFEREED', 'OPENACCESS', 'TOC']	('Arthur, S. Jane', 87)	
19322939	2020MNRAS.497.4128J	['Dust in the Wolf-Rayet nebula M 1-67']	['Jiménez-Hernández, P.', 'Arthur, S. J.', 'Toalá, J. A.']	['Instituto de Radioastronomía y Astrofísica (IRyA), UNAM Campus Morelia, Apartado postal 3-72, 58090 Morelia, Michoacan, Mexico', 'Instituto de Radioastronomía y Astrofísica (IRyA), UNAM Campus Morelia, Apartado postal 3-72, 58090 Morelia, Michoacan, Mexico', 'Instituto de Radioastronomía y Astrofísica (IRyA), UNAM Campus Morelia, Apartado postal 3-72, 58090 Morelia, Michoacan, Mexico']	2020	Monthly Notices of the Royal Astronomical Society	497	['4128']	2020-10-00	2020-10-01T00:00:00Z	['MNRAS', 'MNRAS.497']	['2020MNRAS.499..415R', '2021MNRAS.503.1543T', '2021MNRAS.507.3030J', '2022MNRAS.509..974G', '2022MNRAS.513.3317Z']	5	article		['ARTICLE', 'DATA', 'EPRINT_OPENACCESS', 'ESOURCE', 'OPENACCESS', 'REFEREED']	('Arthur, S. J.', 86)	
1811537	1991IAUS..148..331A	['Supernova Explosions in Stellar Wind Bubbles']	['Arthur, S. Jane']	['-']	1991	The Magellanic Clouds	148	['331']	1991-00-00	1991-01-01T00:00:00Z	['IAUS', 'IAUS..148']	['1991MNRAS.251...93A']	1	inproceedings		['ADS_OPENACCESS', 'ARTICLE', 'ESOURCE', 'NOT REFEREED', 'OPENACCESS', 'TOC']	('Arthur, S. Jane', 87)	
17551433	2019MNRAS.489.2142H	['Bow shocks, bow waves, and dust waves - III. Diagnostics']	['Henney, William J.', 'Arthur, S. J.']	['Instituto de Radioastronomía y Astrofísica, Universidad Nacional Autónoma de México, Apartado Postal 3-72, 58090 Morelia, Michoacán, México', 'Instituto de Radioastronomía y Astrofísica, Universidad Nacional Autónoma de México, Apartado Postal 3-72, 58090 Morelia, Michoacán, México']	2019	Monthly Notices of the Royal Astronomical Society	489	['2142']	2019-10-00	2019-10-01T00:00:00Z	['MNRAS', 'MNRAS.489']	['2019A&A...631A.170R', '2019MNRAS.486.3423H', '2019arXiv190700122H', '2020MNRAS.493.3548M', '2020MNRAS.494.1838S', '2021A&A...647A..28K', '2021A&A...650A..36B', '2021MNRAS.506.5170M', '2022A&A...663A..10B', '2022A&A...663A..80M', '2022MNRAS.511.5104M', '2022MNRAS.515L..29M', '2022SSRv..218...29H']	13	article		['ARTICLE', 'DATA', 'EPRINT_OPENACCESS', 'ESOURCE', 'OPENACCESS', 'REFEREED']	('Arthur, S. J.', 86)	
15863425	2019MNRAS.486.4423H	['Bow shocks, bow waves, and dust waves - II. Beyond the rip point']	['Henney, William J.', 'Arthur, S. J.']	['Instituto de Radioastronomía y Astrofísica, Universidad Nacional Autónoma de México, Apartado Postal 3-72, 58090 Morelia, Michoacán, México', 'Instituto de Radioastronomía y Astrofísica, Universidad Nacional Autónoma de México, Apartado Postal 3-72, 58090 Morelia, Michoacán, México']	2019	Monthly Notices of the Royal Astronomical Society	486	['4423']	2019-07-00	2019-07-01T00:00:00Z	['MNRAS', 'MNRAS.486']	['2019A&A...631A.170R', '2019MNRAS.486.3423H', '2019MNRAS.489.2142H', '2019arXiv190700122H', '2020MNRAS.493.3548M', '2020MNRAS.494.1838S', '2021A&A...650A..36B', '2021ApJ...909...62P', '2021MNRAS.500.4319S', '2021MNRAS.506.5170M', '2021MNRAS.507.3030J', '2022A&A...663A..10B', '2022A&A...663A..80M', '2022MNRAS.513.3317Z', '2022MNRAS.515L..29M', '2022SSRv..218...29H']	16	article		['ARTICLE', 'DATA', 'EPRINT_OPENACCESS', 'ESOURCE', 'OPENACCESS', 'PUB_OPENACCESS', 'REFEREED']	('Arthur, S. J.', 86)	
15859856	2019MNRAS.486.3423H	['Bow shocks, bow waves, and dust waves - I. Strong coupling limit']	['Henney, William J.', 'Arthur, S. J.']	['Instituto de Radioastronomía y Astrofísica, Universidad Nacional Autónoma de México, Apartado Postal 3-72, 58090 Morelia, Michoacán, México', 'Instituto de Radioastronomía y Astrofísica, Universidad Nacional Autónoma de México, Apartado Postal 3-72, 58090 Morelia, Michoacán, México']	2019	Monthly Notices of the Royal Astronomical Society	486	['3423']	2019-07-00	2019-07-01T00:00:00Z	['MNRAS', 'MNRAS.486']	['2019A&A...631A.170R', '2019AJ....158...73K', '2019MNRAS.486.4423H', '2019MNRAS.488.1141J', '2019MNRAS.489.2142H', '2019arXiv190601201K', '2019arXiv190700122H', '2020A&A...642A..21R', '2020ApJS..251...29C', '2020MNRAS.493.3548M', '2020MNRAS.494.1838S', '2021MNRAS.500.4319S', '2021MNRAS.506.5170M', '2022A&A...663A..10B', '2022AJ....164...86K', '2022ARA&A..60..203V', '2022ApJ...924..138P', '2022ApJ...934...32M', '2022MNRAS.515.1544S', '2022MNRAS.515L..29M', '2022SSRv..218...29H']	21	article		['ARTICLE', 'DATA', 'EPRINT_OPENACCESS', 'ESOURCE', 'OPENACCESS', 'PUB_OPENACCESS', 'REFEREED']	('Arthur, S. J.', 86)	
16145854	2019arXiv190700122H	['Bow shocks, bow waves, and dust waves. IV. Shell shape statistics']	['Henney, William J.', 'Tarango-Yong, Jorge A.', 'Ángel Gutiérrez-Soto, Luis', 'Arthur, S. J.']	['-', '-', '-', '-']	2019	arXiv e-prints		['arXiv:1907.00122']	2019-06-00	2019-06-01T00:00:00Z	['arXiv', 'arXiv1907']	['2021MNRAS.506.5170M', '2022SSRv..218...29H']	2	eprint		['ARTICLE', 'EPRINT_OPENACCESS', 'ESOURCE', 'NOT REFEREED', 'OPENACCESS']	('Arthur, S. J.', 86)	
1811537	1991IAUS..148..331A	['Supernova Explosions in Stellar Wind Bubbles']	['Arthur, S. Jane']	['-']	1991	The Magellanic Clouds	148	['331']	1991-00-00	1991-01-01T00:00:00Z	['IAUS', 'IAUS..148']	['1991MNRAS.251...93A']	1	inproceedings		['ADS_OPENACCESS', 'ARTICLE', 'ESOURCE', 'NOT REFEREED', 'OPENACCESS', 'TOC']	('Arthur, S. Jane', 87)	
1811537	1991IAUS..148..331A	['Supernova Explosions in Stellar Wind Bubbles']	['Arthur, S. Jane']	['-']	1991	The Magellanic Clouds	148	['331']	1991-00-00	1991-01-01T00:00:00Z	['IAUS', 'IAUS..148']	['1991MNRAS.251...93A']	1	inproceedings		['ADS_OPENACCESS', 'ARTICLE', 'ESOURCE', 'NOT REFEREED', 'OPENACCESS', 'TOC']	('Arthur, S. Jane', 87)	
15224941	2018Galax...6...80T	['Simulations of the Formation and X-Ray Emission from Hot Bubbles in Planetary Nebulae']	['Toalá, Jesus', 'Arthur, S.']	['-', '-']	2018	Galaxies	6	['80']	2018-07-00	2018-07-01T00:00:00Z	['Galax', 'Galax...6']		0	article		['ARTICLE', 'ESOURCE', 'OPENACCESS', 'PUB_OPENACCESS', 'REFEREED']	('Arthur, S.', 90)	
15005345	2018MNRAS.478.1218T	['On the X-ray temperature of hot gas in diffuse nebulae']	['Toalá, J. A.', 'Arthur, S. J.']	['Instituto de Radioastronomía y Astrofísica, UNAM Campus Morelia, Apartado postal 3-72, 58090 Morelia, Michoacan, Mexico', 'Instituto de Radioastronomía y Astrofísica, UNAM Campus Morelia, Apartado postal 3-72, 58090 Morelia, Michoacan, Mexico']	2018	Monthly Notices of the Royal Astronomical Society	478	['1218']	2018-07-00	2018-07-01T00:00:00Z	['MNRAS', 'MNRAS.478']	['2018Galax...6...80T', '2019A&A...625A...4G', '2019ARA&A..57..227K', '2019ApJ...884L..49P', '2019ApJ...886...30T', '2020Galax...8...24G', '2020MNRAS.494.3784T', '2020MNRAS.495.3041T', '2020MNRAS.495.3819A', '2021ApJ...914...89L', '2021MNRAS.502.4658T', '2021MNRAS.503.1543T', '2022A&A...665A..35G', '2022PASP..134b2001K', '2022arXiv220701263S']	15	article		['ARTICLE', 'DATA', 'EPRINT_OPENACCESS', 'ESOURCE', 'OPENACCESS', 'PUB_OPENACCESS', 'REFEREED']	('Arthur, S. J.', 86)	
14113569	2017cfe..confE..18J	['Propierties of dust in circumstellar gas around Wolf-Rayet stars']	['Jiménez-Hernández, P.', 'Arthur, S. J.', 'Toalá, J. A.']	['Instituto de Radioastronomía y Astrofísica, Universidad Nacional Autónoma de México, Apdo. Postal 58089, Morelia, Michoacán. México.', 'Instituto de Radioastronomía y Astrofísica, Universidad Nacional Autónoma de México, Apdo. Postal 58089, Morelia, Michoacán. México.', 'Instituto de Radioastronomía y Astrofísica, Universidad Nacional Autónoma de México, Apdo. Postal 58089, Morelia, Michoacán. México.']	2017	Cosmic Feast of the Elements		['18']	2017-11-00	2017-11-01T00:00:00Z	['cfe', 'cfe..conf']		0	inproceedings		['ARTICLE', 'ESOURCE', 'NOT REFEREED', 'TOC']	('Arthur, S. J.', 86)	
1811537	1991IAUS..148..331A	['Supernova Explosions in Stellar Wind Bubbles']	['Arthur, S. Jane']	['-']	1991	The Magellanic Clouds	148	['331']	1991-00-00	1991-01-01T00:00:00Z	['IAUS', 'IAUS..148']	['1991MNRAS.251...93A']	1	inproceedings		['ADS_OPENACCESS', 'ARTICLE', 'ESOURCE', 'NOT REFEREED', 'OPENACCESS', 'TOC']	('Arthur, S. Jane', 87)	
2878476	2017MNRAS.464..178T	['Erratum: Formation and X-ray emission from hot bubbles in planetary nebulae - I. Hot bubble formation']	['Toalá, J. A.', 'Arthur, S. J.']	['Institute of Astronomy and Astrophysics, Academia Sinica (ASIAA), 10617 Taipei, Taiwan, R.O.C; Instituto de Astrofísica de Andalucía, IAA-CSIC, Glorieta de la Astronomía s/n, E-18008 Granada, Spain', 'Instituto de Radioastronomía y Astrofísica, UNAM Campus Morelia, Apartado Postal 3-72, 58090, Morelia, Michoacán, México']	2017	Monthly Notices of the Royal Astronomical Society	464	['178']	2017-01-00	2017-01-01T00:00:00Z	['MNRAS', 'MNRAS.464']	['2018A&A...620A..98H', '2018JPhCS1031a2003A']	2	erratum		['ARTICLE', 'ESOURCE', 'OPENACCESS', 'PUB_OPENACCESS', 'REFEREED']	('Arthur, S. J.', 86)	
12473301	2016MNRAS.463.4438T	['Formation and X-ray emission from hot bubbles in planetary nebulae - II. Hot bubble X-ray emission']	['Toalá, J. A.', 'Arthur, S. J.']	['Institute of Astronomy and Astrophysics, Academia Sinica (ASIAA), 10617 Taipei, Taiwan, Republic of China; Instituto de Astrofísica de Andalucía, IAA-CSIC, Glorieta de la Astronomía s/n, E-18008 Granada, Spain', 'Instituto de Radioastronomía y Astrofísica, UNAM Campus Morelia, Apartado Postal 3-72, 58090, Morelia, Michoacán, México']	2016	Monthly Notices of the Royal Astronomical Society	463	['4438']	2016-12-00	2016-12-01T00:00:00Z	['MNRAS', 'MNRAS.463']	['2017IAUS..323..109S', '2017IAUS..323..114G', '2017hsa9.conf..389G', '2018A&A...620A..98H', '2018Ap.....61..469Y', '2018ApJ...859...92F', '2018ApJ...861...45M', '2018Galax...6...80T', '2018Galax...6...98G', '2018JPhCS1031a2003A', '2018MNRAS.478.1218T', '2018MNRAS.478.4799H', '2019A&A...625A...4G', '2019A&A...625A.137S', '2019ApJ...884..134G', '2019ApJ...886...30T', '2020ApJ...890...50G', '2020ApJ...894...39C', '2020Galax...8...24G', '2020MNRAS.495.2234G', '2021ApJ...913...91A', '2021MNRAS.505.3883T', '2022FrASS...9.5731L', '2022MNRAS.515.1557R', '2022PASP..134b2001K']	25	article		['ARTICLE', 'DATA', 'EPRINT_OPENACCESS', 'ESOURCE', 'OPENACCESS', 'PUB_OPENACCESS', 'REFEREED']	('Arthur, S. J.', 86)	
12473052	2016MNRAS.463.2864A	['Turbulence in the ionized gas of the Orion nebula']	['Arthur, S. J.', 'Medina, S. -N. X.', 'Henney, W. J.']	['Instituto de Radioastronomía y Astrofísica, Universidad Nacional Autónoma de México, Campus Morelia, 58090 Morelia, Michoacán, México', 'Max Planck Institüt für Radioastronomie, Bonn, Germany', 'Instituto de Radioastronomía y Astrofísica, Universidad Nacional Autónoma de México, Campus Morelia, 58090 Morelia, Michoacán, México']	2016	Monthly Notices of the Royal Astronomical Society	463	['2864']	2016-12-00	2016-12-01T00:00:00Z	['MNRAS', 'MNRAS.463']	['2017ApJ...834..139D', '2017MNRAS.470.3103K', '2017MNRAS.470.4453R', '2017PASP..129h2001P', '2018MNRAS.478.1017O', '2018MNRAS.479.2016W', '2018MNRAS.481.2507R', '2018NewAR..82....1H', '2019MNRAS.486.3423H', '2019MNRAS.486.4423H', '2019arXiv190403173Y', '2019arXiv191203543M', '2020MNRAS.495.1172D', '2020PhRvX..10c1021M', '2021A&A...649A.175M', '2021ApJ...907L..40H', '2021ApJ...922..272Y', '2021PASP..133j2001B', '2022A&A...663A.170R', '2022ApJ...927...37J', '2022arXiv220904344C']	21	article		['ARTICLE', 'DATA', 'EPRINT_OPENACCESS', 'ESOURCE', 'OPENACCESS', 'PUB_OPENACCESS', 'REFEREED']	('Arthur, S. J.', 86)	
1811537	1991IAUS..148..331A	['Supernova Explosions in Stellar Wind Bubbles']	['Arthur, S. Jane']	['-']	1991	The Magellanic Clouds	148	['331']	1991-00-00	1991-01-01T00:00:00Z	['IAUS', 'IAUS..148']	['1991MNRAS.251...93A']	1	inproceedings		['ADS_OPENACCESS', 'ARTICLE', 'ESOURCE', 'NOT REFEREED', 'OPENACCESS', 'TOC']	('Arthur, S. Jane', 87)	
12471947	2016MNRAS.456.4305T	['X-ray emission from the Wolf-Rayet bubble NGC 6888 - II. XMM-Newton EPIC observations']	['Toalá, J. A.', 'Guerrero, M. A.', 'Chu, Y. -H.', 'Arthur, S. J.', 'Tafoya, D.', 'Gruendl, R. A.']	['Instituto de Astrofísica de Andalucía, IAA-CSIC, Glorieta de la Astronomía s/n, E-18008 Granada, Spain', 'Instituto de Astrofísica de Andalucía, IAA-CSIC, Glorieta de la Astronomía s/n, E-18008 Granada, Spain', 'Institute of Astronomy and Astrophysics, Academia Sinica (ASIAA), Taipei 10617, Taiwan', 'Instituto de Radioastronomía y Astrofísica, UNAM, Campus Morelia, Apartado Postal 3-72, 58090, Morelia, Michoacán, Mexico', 'Instituto de Radioastronomía y Astrofísica, UNAM, Campus Morelia, Apartado Postal 3-72, 58090, Morelia, Michoacán, Mexico', 'Department of Astronomy, University of Illinois, 1002 West Green Street, Urbana IL 61801, USA']	2016	Monthly Notices of the Royal Astronomical Society	456	['4305']	2016-03-00	2016-03-01T00:00:00Z	['MNRAS', 'MNRAS.456']	['2017ApJ...846...76T', '2017hsn..book.2253F', '2018JPhCS1031a2003A', '2018MNRAS.478.1218T', '2018MNRAS.479.2016W', '2018RMxAA..54..375S', '2019ApJ...885..116R', '2020MNRAS.495.3041T', '2020MNRAS.499..415R', '2021ApJ...923..187T', '2022Galax..10...37D', '2022MNRAS.515.1815P', '2022arXiv220701263S']	13	article		['ARTICLE', 'DATA', 'EPRINT_OPENACCESS', 'ESOURCE', 'OPENACCESS', 'PUB_OPENACCESS', 'REFEREED']	('Arthur, S. J.', 86)	
1376397	2015MNRAS.453.1324B	['STARBENCH: the D-type expansion of an H II region']	['Bisbas, T. G.', 'Haworth, T. J.', 'Williams, R. J. R.', 'Mackey, J.', 'Tremblin, P.', 'Raga, A. C.', 'Arthur, S. J.', 'Baczynski, C.', 'Dale, J. E.', 'Frostholm, T.', 'Geen, S.', 'Haugbølle, T.', 'Hubber, D.', 'Iliev, I. T.', 'Kuiper, R.', 'Rosdahl, J.', 'Sullivan, D.', 'Walch, S.', 'Wünsch, R.']	['University College London, Gower Place, London WC1E 6BT, UK; Max-Planck-Institut für Extraterrestrische Physik, Giessenbachstrasse 1, D-85748 Garching, Germany; Department of Astronomy and Physics, University of Florida, Gainesville, FL 32611, USA', 'Institute of Astronomy, University of Cambridge, Madingley Road, Cambridge CB3 0HA, UK', 'AWE Aldermaston, Reading RG7 4PR, UK', 'Argelander-Institut für Astronomie, Auf dem Hügel 71, D-53121 Bonn, Germany; I. Physikalisches Institut, Universität zu Köln, Zülpicher Strasse 77, D-50937 Köln, Germany', 'Astrophysics Group, University of Exeter, EX4 4, QL Exeter, UK; Maison de la Simulation, CEA-CNRS-INRIA-UPS-UVSQ, USR 3441, CEA F-91191 Saclay, France', 'Instituto de Ciencias Nucleares, Universidad Nacional Autónoma de México, Apdo. Postal 70-543, CP: 04510, D.F., Mexico', 'Centro de Radioastronomía y Astrofísica, Universidad Nacional Autónoma de México, Campus Morelia, Apartado Postal 3-72, 58090 Morelia, Michoacán, México', 'Zentrum für Astronomie der Universität Heidelberg, Institut für Theoretische Astrophysik, Albert-Ueberle-Str. 2, D-69120 Heidelberg, Germany', 'University Observatory, Ludwig-Maximilians-University Munich, Scheinerstr.1, D-81679 Munich, Germany; Excellence Cluster Universe, Boltzmannstr. 2, D-85748 Garching, Germany', 'Centre for Star and Planet Formation, Natural History Museum of Denmark and Niels Bohr Institute, University of Copenhagen, Øster Voldgade 5-7, DK-1350 Copenhagen, Denmark', 'Laboratoire AIM, Paris-Saclay, CEA/IRFU/SAp - CNRS - Université Paris Diderot, F-91191 Gif-sur-Yvette Cedex, France', 'Centre for Star and Planet Formation, Natural History Museum of Denmark and Niels Bohr Institute, University of Copenhagen, Øster Voldgade 5-7, DK-1350 Copenhagen, Denmark', 'University Observatory, Ludwig-Maximilians-University Munich, Scheinerstr.1, D-81679 Munich, Germany; Excellence Cluster Universe, Boltzmannstr. 2, D-85748 Garching, Germany', 'Department of Physics and Astronomy, University of Sussex, Falmer, Brighton BN1 9QH, UK', 'Institute of Astronomy and Astrophysics, Auf der Morgenstelle 10, D-72076 Tübingen, Germany; Max-Planck-Institut für Astronomie, Königstuhl 17, D-69117 Heidelberg, Germany', 'Leiden Observatory, Leiden University, PO Box 9513, NL-2300 RA Leiden, the Netherlands', 'Department of Physics and Astronomy, University of Sussex, Falmer, Brighton BN1 9QH, UK', 'I. Physikalisches Institut, Universität zu Köln, Zülpicher Strasse 77, D-50937 Köln, Germany', 'Astronomical Institute, The Czech Academy of Sciences, BočníII 1401, CZ-14131 Prague, Czech Republic']	2015	Monthly Notices of the Royal Astronomical Society	453	['1324']	2015-10-00	2015-10-01T00:00:00Z	['MNRAS', 'MNRAS.453']	['2015EAS....75..359W', '2015MNRAS.453.2277H', '2015MNRAS.454.1634H', '2015MNRAS.454.4484G', '2016A&A...586A.114M', '2016ApJ...833..249D', '2016MNRAS.456..756H', '2016MNRAS.457.1905H', '2016MNRAS.461.2953H', '2016MNRAS.462.4532G', '2016MNRAS.463.3616H', '2016PASA...33...53H', '2017ApJ...851...93K', '2017MNRAS.466.4573S', '2017MNRAS.466L.123I', '2017MNRAS.471.2151H', '2017MNRAS.471.4111H', '2018A&A...616A..91G', '2018A&A...616A.101K', '2018A&A...620A..21C', '2018A&C....23...40V', '2018JPhCS1129a2012F', '2018MNRAS.475.1696L', '2018MNRAS.475.2642K', '2018MNRAS.475.2822J', '2018MNRAS.475.4617K', '2018MNRAS.478.4799H', '2018MNRAS.479.2016W', '2018NewA...63...27V', '2018NewAR..82....1H', '2018PASJ...70S..51T', '2018arXiv180101547B', '2018arXiv180209528V', '2018arXiv180905541F', '2019A&C....27...63H', '2019ApJ...876...29E', '2019ApJ...878...26D', '2019JCoPh.39808809W', '2019MNRAS.482..321G', '2019MNRAS.482.4062H', '2019MNRAS.483..352M', '2019MNRAS.485.3761L', '2019MNRAS.485.3895H', '2019MNRAS.488.5641K', '2020A&A...641A..66V', '2020ApJ...891....2L', '2020ApJ...898...41D', '2020ApJS..250...13K', '2020MNRAS.491..903W', '2020MNRAS.492..915G', '2020MNRAS.493.4643M', '2020MNRAS.495.1672B', '2020MNRAS.495.3819A', '2020MNRAS.496.1278D', '2020MNRAS.497.2651K', '2020MNRAS.497.3351R', '2020MNRAS.497.5061I', '2020MNRAS.498.4906B', '2020MNRAS.499.3594J', '2021A&A...645A.110Y', '2021A&A...646A.123B', '2021MNRAS.500.1833S', '2021MNRAS.501.1352G', '2021MNRAS.504..983M', '2021MNRAS.504.1039R', '2021MNRAS.505.3730W', '2021MNRAS.506.3882S', '2021MNRAS.507..858P', '2021PASJ...73.1074F', '2021PASJ...73S.368T', '2022A&A...663A.111G', '2022ApJ...934..115B', '2022MNRAS.509.5938H', '2022MNRAS.510.2797P', '2022MNRAS.511.4179M', '2022arXiv220409072K']	76	article		['ARTICLE', 'EPRINT_OPENACCESS', 'ESOURCE', 'OPENACCESS', 'PUB_OPENACCESS', 'REFEREED']	('Arthur, S. J.', 86)	
2818799	2015wrs..conf..315A	['Wolf-Rayet nebulae and the wind-interstellar medium interaction']	['Arthur, S. J.']	['-']	2015	Wolf-Rayet Stars		['315']	2015-00-00	2015-01-01T00:00:00Z	['wrs', 'wrs..conf']	['2018MNRAS.478.1218T']	1	inproceedings		['ARTICLE', 'ESOURCE', 'NOT REFEREED', 'TOC']	('Arthur, S. J.', 86)	
1811537	1991IAUS..148..331A	['Supernova Explosions in Stellar Wind Bubbles']	['Arthur, S. Jane']	['-']	1991	The Magellanic Clouds	148	['331']	1991-00-00	1991-01-01T00:00:00Z	['IAUS', 'IAUS..148']	['1991MNRAS.251...93A']	1	inproceedings		['ADS_OPENACCESS', 'ARTICLE', 'ESOURCE', 'NOT REFEREED', 'OPENACCESS', 'TOC']	('Arthur, S. Jane', 87)	
747146	2014MNRAS.445.1797M	['Turbulence in simulated H II regions']	['Medina, S. -N. X.', 'Arthur, S. J.', 'Henney, W. J.', 'Mellema, G.', 'Gazol, A.']	['Departamento de Astronomía, Universidad de Guanajuato, Apdo Postal 144, 36000 Guanajuato, Guanajuato, México; Centro de Radioastronomía y Astrofísica, Universidad Nacional Autónoma de México, Campus Morelia, 58090 Morelia, Michoacán, México', 'Centro de Radioastronomía y Astrofísica, Universidad Nacional Autónoma de México, Campus Morelia, 58090 Morelia, Michoacán, México; Nordita, KTH Royal Institute of Technology and Stockholm University, Roslagstullsbacken 23, SE-106 91 Stockholm, Sweden', 'Centro de Radioastronomía y Astrofísica, Universidad Nacional Autónoma de México, Campus Morelia, 58090 Morelia, Michoacán, México; Nordita, KTH Royal Institute of Technology and Stockholm University, Roslagstullsbacken 23, SE-106 91 Stockholm, Sweden', 'Nordita, KTH Royal Institute of Technology and Stockholm University, Roslagstullsbacken 23, SE-106 91 Stockholm, Sweden; Department of Astronomy and Oskar Klein Centre, AlbaNova, Stockholm University, SE-106 91 Stockholm, Sweden', 'Centro de Radioastronomía y Astrofísica, Universidad Nacional Autónoma de México, Campus Morelia, 58090 Morelia, Michoacán, México']	2014	Monthly Notices of the Royal Astronomical Society	445	['1797']	2014-12-00	2014-12-01T00:00:00Z	['MNRAS', 'MNRAS.445']	['2015A&A...584A..49V', '2015AJ....149..101H', '2015MNRAS.453.1324B', '2015NewAR..68....1D', '2016A&A...586A.114M', '2016MNRAS.463.2864A', '2016MNRAS.463.4223M', '2016PhyS...91j4008K', '2017A&A...601A.124S', '2017MNRAS.464.4835O', '2018ApJ...859...68K', '2018MNRAS.477.2431T', '2018MNRAS.478.1218T', '2018MNRAS.479.2016W', '2018NewAR..82....1H', '2019MNRAS.485.4686W', '2020MNRAS.492.2229K', '2020MNRAS.495.2682T', '2020MNRAS.499.3417Y', '2020SPIE11447E..8YY', '2020SSRv..216...42B', '2021MNRAS.500.2831W', '2021MNRAS.501.3137K', '2022ApJ...927...37J', '2022MNRAS.510.5592A', '2022MNRAS.515..594M']	26	article		['ARTICLE', 'DATA', 'EPRINT_OPENACCESS', 'ESOURCE', 'OPENACCESS', 'PUB_OPENACCESS', 'REFEREED']	('Arthur, S. J.', 86)	
485209	2014ApJ...797..100F	['Expansion of Hydrogen-poor Knots in the Born-again Planetary Nebulae A30 and A78']	['Fang, X.', 'Guerrero, M. A.', 'Marquez-Lugo, R. A.', 'Toalá, J. A.', 'Arthur, S. J.', 'Chu, Y. -H.', 'Blair, W. P.', 'Gruendl, R. A.', 'Hamann, W. -R.', 'Oskinova, L. M.', 'Todt, H.']	['Instituto de Astrofísica de Andalucía (IAA-CSIC), Glorieta de la Astronomía s/n, E-18008 Granada, Spain', 'Instituto de Astrofísica de Andalucía (IAA-CSIC), Glorieta de la Astronomía s/n, E-18008 Granada, Spain', 'Instituto de Astrofísica de Andalucía (IAA-CSIC), Glorieta de la Astronomía s/n, E-18008 Granada, Spain', 'Instituto de Astrofísica de Andalucía (IAA-CSIC), Glorieta de la Astronomía s/n, E-18008 Granada, Spain', 'Centro de Radioastronomía y Astrofísica, Universidad Nacional Autónoma de México, Campus Morelia, 58090 Morelia, Mexico', 'Department of Astronomy, University of Illinois, 1002 West Green Street, Urbana, IL 61801, USA; Now at: Institute of Astronomy and Astrophysics, Academia Sinica (ASIAA), Taipei 10617, Taiwan.', 'Department of Physics and Astronomy, Johns Hopkins University, Baltimore, MD 21218, USA', 'Department of Astronomy, University of Illinois, 1002 West Green Street, Urbana, IL 61801, USA', 'Institute for Physics and Astronomy, Universität Potsdam, D-14476 Potsdam, Germany', 'Institute for Physics and Astronomy, Universität Potsdam, D-14476 Potsdam, Germany', 'Institute for Physics and Astronomy, Universität Potsdam, D-14476 Potsdam, Germany']	2014	The Astrophysical Journal	797	['100']	2014-12-00	2014-12-01T00:00:00Z	['ApJ', 'ApJ...797']	['2015ASPC..493..141T', '2015ApJ...799...67T', '2015ApJ...803...23D', '2015MNRAS.453.2115A', '2015RMxAA..51..221Z', '2017A&A...600A..23T', '2017AJ....153..140R', '2017MNRAS.467.3056S', '2018ApJ...865L..23F', '2018MNRAS.478.1218T', '2019ApJ...886...30T', '2019MNRAS.483.3773S', '2019MNRAS.485.3360T', '2019MNRAS.489.2923L', '2020ApJ...904...34H', '2020MNRAS.492.3316G', '2020arXiv201210574K', '2021ApJS..257...58D', '2021JApA...42...71R', '2021MNRAS.503.1543T', '2021MNRAS.505.3883T', '2021arXiv210505186M', '2022ApJ...925L...4T', '2022ApJ...934...18M', '2022MNRAS.514.4794R', '2022MNRAS.515.1557R', '2022RAA....22i5009S', '2022RNAAS...6....4S']	28	article		['ARTICLE', 'DATA', 'EPRINT_OPENACCESS', 'ESOURCE', 'OPENACCESS', 'PUB_OPENACCESS', 'REFEREED']	('Arthur, S. J.', 86)	
746557	2014MNRAS.443.3486T	['Formation and X-ray emission from hot bubbles in planetary nebulae - I. Hot bubble formation']	['Toalá, J. A.', 'Arthur, S. J.']	['Instituto de Astrofísica de Andalucía, IAA-CSIC, Glorieta de la Astronomía s/n, E-18008 Granada, Spain', 'Centro de Radioastronomía y Astrofísica, UNAM Campus Morelia, Apartado Postal 3-72, 58090 Morelia, Michoacán, Mexico']	2014	Monthly Notices of the Royal Astronomical Society	443	['3486']	2014-10-00	2014-10-01T00:00:00Z	['MNRAS', 'MNRAS.443']	['2014A&A...570A..88S', '2014ApJ...794...99F', '2014ApJ...797..100F', '2014PhDT.......301T', '2015A&A...574A...1G', '2015ApJ...803...23D', '2015RMxAA..51..221Z', '2015arXiv151204129M', '2016A&A...586A..57S', '2016A&A...588A..25M', '2016ApJ...822L..19F', '2016ApJS..226...15F', '2016JPhCS.728c2001S', '2016JPhCS.728c2007C', '2016MNRAS.456..136A', '2016MNRAS.462..610R', '2016MNRAS.463.4438T', '2017IAUS..323..114G', '2017IAUS..323..179M', '2017MNRAS.464..178T', '2017hsa9.conf..389G', '2018A&A...620A..98H', '2018ApJ...853..168B', '2018ApJ...859...92F', '2018ApJ...861...45M', '2018Galax...6...80T', '2018Galax...6...98G', '2018JPhCS1031a2003A', '2018MNRAS.478.1218T', '2019ApJ...879...38V', '2019IAUS..343...36M', '2019MNRAS.489.3710N', '2020MNRAS.495.2234G', '2021MNRAS.502.1070H', '2022ApJ...933..168B', '2022PASP..134b2001K']	36	article		['ARTICLE', 'DATA', 'EPRINT_OPENACCESS', 'ESOURCE', 'OPENACCESS', 'PUB_OPENACCESS', 'REFEREED']	('Arthur, S. J.', 86)	
2776713	2014xru..confE.197T	['New findings on the X-ray emission from Wolf-Rayet nebulae']	['Toala, J.', 'Guerrero, M.', 'Chu, Y.', 'Gruendl, R.', 'Arthur, S.']	['Instituto de Astrofisica de Andalucia, IAA-CSIC, Spain', 'Instituto de Astrofisica de Andalucia, IAA-CSIC, Spain', 'Department of Astronomy, University of Illinois, USA', 'Department of Astronomy, University of Illinois, USA', 'Centro de Radioastronomia y Astrofisica, UNAM, Campus Morelia']	2014	The X-ray Universe 2014		['197']	2014-07-00	2014-07-01T00:00:00Z	['xru', 'xru..conf']		0	inproceedings		['ARTICLE', 'ESOURCE', 'NOT REFEREED', 'TOC']	('Arthur, S.', 90)	
485841	2014apn6.confE.102T	['Formation and X-ray emission from hot bubbles in planetary nebulae']	['Toala, J.', 'Arthur, S. J.']	['Instituto de Astrofísica de Andalucía (IAA-CSIC), Glorieta de la Astronomía s/n, 18008, Granada, Spain', 'Centro de Radioastronomía y Astrofísica, UNAM, Apdo. Postal 3-72 (Xangari), 58089 Morelia, Michoacán, México']	2014	Asymmetrical Planetary Nebulae VI Conference		['102']	2014-04-00	2014-04-01T00:00:00Z	['apn6', 'apn6.conf']		0	inproceedings		['ARTICLE', 'ESOURCE', 'NOT REFEREED', 'TOC']	('Arthur, S. J.', 86)	
165546	2013hsa7.conf..674T	['X-ray Emission from Wolf-Rayet Nebulae']	['Toalá, J. A.', 'Guerrero, M. A.', 'Chu, Y. -H.', 'Gruendl, R. A.', 'Arthur, S. J.', 'Smith, R. C.', 'Snowden, S. L.']	['Instituto de Astrofísica de Andalucía, IAA-CSIC, Glorieta de la Astronomía s/n, 18008 Granada, Spain; Centro de Radioastronomía y Astrofísica, UNAM, Campus Morelia, México', 'Instituto de Astrofísica de Andalucía, IAA-CSIC, Glorieta de la Astronomía s/n, 18008 Granada, Spain', 'Department of Astronomy, University of Illinois, 1002 West Green Street, Urbana, IL 61801, USA', 'Department of Astronomy, University of Illinois, 1002 West Green Street, Urbana, IL 61801, USA', 'Centro de Radioastronomía y Astrofísica, UNAM, Campus Morelia, México', 'NOAO/CTIO, 950 N. Cherry Avenue, Tucson, AZ 85719, USA', 'NASA Goddard Space Flight Center, Code 662, Greenbelt, MD 20771, USA']	2013	Highlights of Spanish Astrophysics VII		['674']	2013-05-00	2013-05-01T00:00:00Z	['hsa7', 'hsa7.conf']		0	inproceedings		['ARTICLE', 'ESOURCE', 'NOT REFEREED', 'TOC']	('Arthur, S. J.', 86)	
12236172	2012ApJ...755...77T	['X-Ray Emission from the Wolf-Rayet Bubble S 308']	['Toalá, J. A.', 'Guerrero, M. A.', 'Chu, Y. -H.', 'Gruendl, R. A.', 'Arthur, S. J.', 'Smith, R. C.', 'Snowden, S. L.']	['Instituto de Astrofísica de Andalucía, IAA-CSIC, Glorieta de la Astronomía s/n, 18008 Granada, Spain ; Centro de Radioastronomía y Astrofísica, Universidad Nacional Autónoma de México, Campus Morelia, Apartado Postal 3-72, 58090, Morelia, Michoacán, Mexico ;', 'Instituto de Astrofísica de Andalucía, IAA-CSIC, Glorieta de la Astronomía s/n, 18008 Granada, Spain', 'Department of Astronomy, University of Illinois, 1002 West Green Street, Urbana, IL 61801, USA', 'Department of Astronomy, University of Illinois, 1002 West Green Street, Urbana, IL 61801, USA', 'Centro de Radioastronomía y Astrofísica, Universidad Nacional Autónoma de México, Campus Morelia, Apartado Postal 3-72, 58090, Morelia, Michoacán, Mexico', 'NOAO/CTIO, 950 N. Cherry Avenue, Tucson, AZ 85719, USA', 'NASA Goddard Space Flight Center, Code 662, Greenbelt, MD 20771, USA']	2012	The Astrophysical Journal	755	['77']	2012-08-00	2012-08-01T00:00:00Z	['ApJ', 'ApJ...755']	['2012ApJ...761...65N', '2013A&A...559A..52T', '2013ApJ...765...73O', '2013ApJ...767...35R', '2014A&A...566A..75O', '2014A&A...566A..94K', '2014AJ....147...30T', '2014ApJ...794...99F', '2014MNRAS.443...12Z', '2014MNRAS.443.3486T', '2014PhDT.......301T', '2015A&A...578A..66T', '2015MNRAS.446.1083T', '2015PhDT........94F', '2015wrs..conf..333T', '2016A&A...586A.114M', '2016ApJ...822L..19F', '2016JPhCS.728c2007C', '2016MNRAS.456.4305T', '2017ApJ...846...76T', '2018Galax...6...98G', '2018MNRAS.478.1218T', '2018MNRAS.478.4799H', '2018RMxAA..54..375S', '2020A&A...639A..18K', '2020MNRAS.495.3041T', '2020MNRAS.499..415R', '2021ApJ...923..187T', '2021MNRAS.507.4697M', '2022MNRAS.515.1815P']	30	article		['ARTICLE', 'DATA', 'EPRINT_OPENACCESS', 'ESOURCE', 'OPENACCESS', 'PUB_OPENACCESS', 'REFEREED']	('Arthur, S. J.', 86)	
2754314	2012MNRAS.421.1283A	['What produces the diffuse X-ray emission from the Orion nebula? I. Simple spherical models']	['Arthur, S. J.']	['Centro de Radioastronomía y Astrofísica, Universidad Nacional Autónoma de México, Campus Morelia, Apartado Postal 3-72, 58090, Morelia, Michoacán, México']	2012	Monthly Notices of the Royal Astronomical Society	421	['1283']	2012-04-00	2012-04-01T00:00:00Z	['MNRAS', 'MNRAS.421']	['2012ApJ...755..129G', '2012RMxAA..48..199R', '2013ApJ...765...43S', '2013ApJ...765...73O', '2014A&A...563A..69S', '2014A&A...566A..75O', '2014AdAst2014E...5M', '2014ApJ...785..164M', '2014MNRAS.443.3486T', '2014PhDT.......301T', '2014PhR...539...49K', '2014prpl.conf..243K', '2015A&A...576A..97S', '2015NewAR..68....1D', '2015PhDT.......442M', '2016A&A...586A.111S', '2016A&A...586A.114M', '2018MNRAS.478.1218T', '2019ApJ...881..130A', '2020A&A...634A..67B', '2020A&A...639A...2P', '2020ApJ...891...46O', '2020MNRAS.493.4172S', '2020MNRAS.495.2234G', '2020MNRAS.495.3041T', '2022A&A...663A...6V', '2022MNRAS.509.4498G', '2022MNRAS.515.1815P']	28	article		['ARTICLE', 'DATA', 'ESOURCE', 'OPENACCESS', 'PUB_OPENACCESS', 'REFEREED']	('Arthur, S. J.', 86)	
2714444	2011RMxAC..40..185T	['X-Ray Emission from interstellar bubbles around Wolf-Rayet stars']	['Toalá, J. A.', 'Arthur, S. J.']	['Centro de Radioastronomía y Astrofísica, Universidad Nacional Autónoma de México, Apdo. Postal 3-72, 58090, Morelia, Michoacán, Mexico', '-']	2011	Revista Mexicana de Astronomia y Astrofisica Conference Series	40	['185']	2011-10-00	2011-10-01T00:00:00Z	['RMxAC', 'RMxAC..40']		0	inproceedings		['ARTICLE', 'DATA', 'ESOURCE', 'NOT REFEREED', 'OPENACCESS', 'PUB_OPENACCESS', 'TOC']	('Arthur, S. J.', 86)	
12168618	2011ApJ...737..100T	['Radiation-hydrodynamic Models of the Evolving Circumstellar Medium around Massive Stars']	['Toalá, J. A.', 'Arthur, S. J.']	['Centro de Radioastronomía y Astrofísica, Universidad Nacional Autónoma de México, Campus Morelia, Apartado Postal 3-72, 58090, Morelia, Michoacán, Mexico', 'Centro de Radioastronomía y Astrofísica, Universidad Nacional Autónoma de México, Campus Morelia, Apartado Postal 3-72, 58090, Morelia, Michoacán, Mexico']	2011	The Astrophysical Journal	737	['100']	2011-08-00	2011-08-01T00:00:00Z	['ApJ', 'ApJ...737']	['2012A&A...541A.119F', '2012A&A...541L...8V', '2012A&A...547A...3V', '2012ASPC..465..398P', '2012ApJ...755...77T', '2012ApJ...758..142K', '2012MNRAS.421.1283A', '2013A&A...552A.102T', '2013A&A...557A..20V', '2013A&A...559A..52T', '2013A&A...559A..69G', '2013HEDP....9...22D', '2013HEDP....9..226D', '2013KPCB...29..207M', '2013MNRAS.434.3368D', '2013MNRAS.435..917W', '2013MNRAS.435.3600P', '2013sf2a.conf..471M', '2014AJ....147...30T', '2014ASSP...36..173W', '2014ApJ...785..100M', '2014ApJ...794...99F', '2014ApJ...797..100F', '2014MNRAS.441.3065S', '2014MNRAS.443.3486T', '2014PhDT.......301T', '2014arXiv1411.2982D', '2014prpl.conf..243K', '2015A&A...573A..10M', '2015A&A...578A..66T', '2015A&A...584A..49V', '2015EAS....75..359W', '2015MNRAS.446.1083T', '2015MNRAS.449.3780M', '2015MNRAS.452.1764R', '2015MNRAS.454..238W', '2015NewAR..68....1D', '2015wrs..conf..325M', '2015wrs..conf..329D', '2015wrs..conf..333T', '2016A&A...586A.114M', '2016A&A...588A...9S', '2016APh....82...93S', '2016IAUS..315..167W', '2016JPhCS.728c2007C', '2016MNRAS.456.4305T', '2016MNRAS.460.4038E', '2017ApJ...846...76T', '2017ApJ...851..147D', '2017MNRAS.466.1903G', '2017PASP..129e8011M', '2017hsn..book.2253F', '2018JPhCS1031a2003A', '2018MNRAS.477.1365S', '2018MNRAS.478.1218T', '2018MNRAS.478.4799H', '2018MNRAS.479.2016W', '2019A&A...625A...4G', '2019ApJ...885..116R', '2020A&A...644L...8O', '2020IAUS..345...78D', '2020MNRAS.493.3548M', '2020MNRAS.493.3879G', '2020MNRAS.495..417C', '2020MNRAS.495.2234G', '2020MNRAS.495.3041T', '2020MNRAS.497.4128J', '2020MNRAS.499..415R', '2021ApJS..252...21H', '2021MNRAS.503.1543T', '2021MNRAS.504.1039R', '2021MNRAS.507.4697M', '2022A&A...665A..35G', '2022ApJ...933..168B', '2022ApJ...937....5S', '2022Galax..10...37D', '2022MNRAS.512.4573F', '2022MNRAS.513.3317Z', '2022MNRAS.515..594M', '2022MNRAS.515.1815P', '2022MNRAS.515.2591C']	81	article		['ARTICLE', 'DATA', 'EPRINT_OPENACCESS', 'ESOURCE', 'OPENACCESS', 'PUB_OPENACCESS', 'REFEREED']	('Arthur, S. J.', 86)	
941774	2011MNRAS.414.1747A	['Radiation-magnetohydrodynamic simulations of H II regions and their associated PDRs in turbulent molecular clouds']	['Arthur, S. J.', 'Henney, W. J.', 'Mellema, G.', 'de Colle, F.', 'Vázquez-Semadeni, E.']	['Centro de Radioastronomía y Astrofísica, Universidad Nacional Autónoma de México, Campus Morelia, Apdo. Postal 3-72, 58090 Morelia, Michoacán, México', 'Centro de Radioastronomía y Astrofísica, Universidad Nacional Autónoma de México, Campus Morelia, Apdo. Postal 3-72, 58090 Morelia, Michoacán, México', 'Department of Astronomy &amp; Oskar Klein Centre, AlbaNova, Stockholm University, SE 10691 Stockholm, Sweden', 'Department of Astronomy and Astrophysics, University of California Santa Cruz, Santa Cruz, CA 95064, USA', 'Centro de Radioastronomía y Astrofísica, Universidad Nacional Autónoma de México, Campus Morelia, Apdo. Postal 3-72, 58090 Morelia, Michoacán, México']	2011	Monthly Notices of the Royal Astronomical Society	414	['1747']	2011-06-00	2011-06-01T00:00:00Z	['MNRAS', 'MNRAS.414']	['2011ApJ...736...83H', '2011ApJ...736..142B', '2011MNRAS.416.1033G', '2011MNRAS.416.1546A', '2012A&A...538A..31T', '2012A&A...539A.147M', '2012A&A...546A..33T', '2012AN....333..497M', '2012ASPC..459..106M', '2012ApJ...745...22G', '2012ApJ...745..158G', '2012ApJ...751..138S', '2012ApJ...752..148N', '2012ApJ...754L..13G', '2012ApJ...755...40P', '2012ApJ...757...79F', '2012ApJ...760..149P', '2012MNRAS.420..141E', '2012MNRAS.421.1283A', '2012MNRAS.421.2232F', '2012MNRAS.424.2442S', '2012MNRAS.427..625W', '2012PhPl...19j2111C', '2013A&A...555A..57G', '2013A&A...560A..19T', '2013AJ....145...93O', '2013Ap&SS.343..689C', '2013ApJ...775..109K', '2013ApJ...779....8K', '2013ApJS..207...21N', '2013HEDP....9....1M', '2013MNRAS.430.3406T', '2013MNRAS.435..917W', '2013MNRAS.436..859M', '2013RMxAA..49..275L', '2014A&A...567L...5D', '2014ASSP...36..173W', '2014ApJ...783....1S', '2014ApJ...795...28B', '2014ApJ...797..135K', '2014MNRAS.438.1335R', '2014MNRAS.442..694D', '2014MNRAS.442.2701R', '2014MNRAS.445.1797M', '2014mysc.conf...53O', '2014prpl.conf..125M', '2014prpl.conf..243K', '2015A&A...573A..10M', '2015A&A...573A..95M', '2015A&A...573A.112M', '2015A&A...580A..49I', '2015A&A...584A...4D', '2015A&A...584A..49V', '2015AJ....149..101H', '2015AJ....149..119T', '2015ApJ...804...22P', '2015ApJ...811...79D', '2015ApJ...811..146O', '2015EAS....75..353D', '2015HiA....16..587O', '2015MNRAS.448.3248G', '2015MNRAS.449..440A', '2015MNRAS.453.1324B', '2015MNRAS.453.2277H', '2015MNRAS.454.2828B', '2015MNRAS.454.4484G', '2015NewAR..68....1D', '2016A&A...586A.114M', '2016A&A...586A.137P', '2016ApJ...819..137K', '2016ApJ...826...27D', '2016ApJ...832..186S', '2016MNRAS.456.3432G', '2016MNRAS.462.2266S', '2016MNRAS.462.3537M', '2016MNRAS.463.2864A', '2017A&A...602A..61H', '2017ApJ...844...63O', '2017IAUS..316..177D', '2017MNRAS.465.2254K', '2017MNRAS.467.1067D', '2018ApJ...860L...6P', '2018ApJ...869L...5L', '2018MNRAS.478.1218T', '2018MNRAS.478.4799H', '2018NewAR..82....1H', '2018arXiv180101547B', '2019A&A...631A.170R', '2019ApJ...881...37P', '2019ApJ...882...17Y', '2019AstL...45..147K', '2019FrASS...6....5H', '2019FrASS...6....7K', '2019MNRAS.483..352M', '2019MNRAS.486.4423H', '2019MNRAS.487.2200Z', '2019MNRAS.488.5641K', '2019MNRAS.489.2142H', '2020A&A...639A..93F', '2020ApJ...897...90E', '2020ApJ...902L...1H', '2020MNRAS.492.2229K', '2020MNRAS.497.5061I', '2020MNRAS.499.3417Y', '2021A&A...647A.154B', '2021ApJ...908...30K', '2021ApJ...911...81D', '2021ApJ...911..128K', '2021ApJ...912L..27E', '2021ApJ...913...57K', '2021MNRAS.501.4136A', '2021MNRAS.501.4825K', '2021MNRAS.502.1703M', '2021MNRAS.504..983M', '2021SciA....7.9511L', '2021arXiv210712397R', '2022A&A...660A.106C', '2022A&A...663A.111G', '2022ApJ...935..171B', '2022MNRAS.510.2644S', '2022MNRAS.510.5592A', '2022MNRAS.tmp.1766H', '2022PASJ..tmp...77S', '2022RAA....22g5017C', '2022arXiv220512084T', '2022arXiv220703695C']	126	article		['ARTICLE', 'DATA', 'EPRINT_OPENACCESS', 'ESOURCE', 'OPENACCESS', 'PUB_OPENACCESS', 'REFEREED']	('Arthur, S. J.', 86)	
923083	2011IAUS..270..297A	['Radiation-MHD Simulations of HII Region Expansion in Turbulent Molecular Clouds']	['Arthur, S. J.', 'Henney, W. J.', 'Mellema, G.', 'de Colle, F.', 'Vázquez-Semadeni, E.']	['Centro de Radioastronomía y Astrofísica, UNAM, Campus Morelia, C.P. 58090 Morelia, Michoacán, México', 'Centro de Radioastronomía y Astrofísica, UNAM, Campus Morelia, C.P. 58090 Morelia, Michoacán, México', 'AlbaNova University Center, Stockholm University, SE-106 91 Stockholm, Sweden', 'Department of Astronomy and Astrophysics, University of California, Santa Cruz', 'Centro de Radioastronomía y Astrofísica, UNAM, Campus Morelia, C.P. 58090 Morelia, Michoacán, México']	2011	Computational Star Formation	270	['297']	2011-04-00	2011-04-01T00:00:00Z	['IAUS', 'IAUS..270']		0	inproceedings		['ADS_OPENACCESS', 'ARTICLE', 'ESOURCE', 'OPENACCESS', 'REFEREED', 'TOC']	('Arthur, S. J.', 86)	
2628545	2010ASPC..425..233T	['Radiation-hydrodynamic Models of the Evolving Circumstellar Medium around Massive Stars']	['Toalá, J. A.', 'Arthur, S. J.']	['-', '-']	2010	Hot and Cool: Bridging Gaps in Massive Star Evolution	425	['233']	2010-06-00	2010-06-01T00:00:00Z	['ASPC', 'ASPC..425']		0	inproceedings		['ADS_OPENACCESS', 'ARTICLE', 'ESOURCE', 'NOT REFEREED', 'OPENACCESS', 'PUB_OPENACCESS', 'TOC']	('Arthur, S. J.', 86)	
923219	2009MNRAS.398..157H	['Radiation-magnetohydrodynamic simulations of the photoionization of magnetized globules']	['Henney, William J.', 'Arthur, S. Jane', 'de Colle, Fabio', 'Mellema, Garrelt']	['Centro de Radioastronomía y Astrofísica, Universidad Nacional Autónoma de México, Apartado Postal 3-72, 58090 Morelia, Michoacán, México', 'Centro de Radioastronomía y Astrofísica, Universidad Nacional Autónoma de México, Apartado Postal 3-72, 58090 Morelia, Michoacán, México', 'School of Cosmic Physics, Dublin Institute for Advanced Studies, 31 Fitzwilliam Place, Dublin, Ireland; Department of Astronomy and Astrophysics, University of California Santa Cruz, Santa Cruz, CA 95064, USA', 'Department of Astronomy, Stockholm University, SE-106 91, Stockholm, Sweden']	2009	Monthly Notices of the Royal Astronomical Society	398	['157']	2009-09-00	2009-09-01T00:00:00Z	['MNRAS', 'MNRAS.398']	['2009A&A...497..649B', '2010ASInC...1...19O', '2010MNRAS.403..714M', '2011ApJ...736..142B', '2011BSRSL..80..391M', '2011EAS....52..181O', '2011IAUS..270..297A', '2011ITVCG..17..454S', '2011MNRAS.412.2079M', '2011MNRAS.414.1747A', '2012A&A...539A.147M', '2012A&G....53e..31V', '2012AJ....144..173D', '2012ASPC..459..106M', '2012ApJ...745..158G', '2012ApJ...752..148N', '2012MNRAS.420..562H', '2012PhPl...19j2111C', '2013A&A...549A.122M', '2013A&A...555A..57G', '2013Ap&SS.343..689C', '2013ApJ...766...50M', '2013HEDP....9....1M', '2013IAUS..292...19T', '2013MNRAS.432.1502S', '2013MNRAS.436..859M', '2013RMxAA..49..275L', '2014ApJ...795...28B', '2014ApJ...797..100F', '2014ApJ...797..135K', '2014MNRAS.438.1318G', '2014MNRAS.439L..41M', '2014MNRAS.444.2754M', '2014MNRAS.445.1797M', '2015A&A...573A..10M', '2015A&A...573A..34S', '2015A&A...582A..24M', '2015ApJS..217....9R', '2015MNRAS.453.1324B', '2015NewAR..68....1D', '2015PKAS...30...87S', '2016A&A...588A..45N', '2016MNRAS.459.1146M', '2016MNRAS.463.2864A', '2017ApJ...850..195E', '2017MNRAS.465..559S', '2017MNRAS.466.1857G', '2017MNRAS.466.4573S', '2018ApJ...860L...6P', '2018MNRAS.476.4782S', '2018NewAR..82....1H', '2018arXiv180101547B', '2019A&A...625A...4G', '2019A&A...627A..85Z', '2019ApJ...874...38R', '2020A&A...636A..16G', '2020A&A...639A...1G', '2020ApJ...902L...1H', '2020MNRAS.493.3548M', '2020MNRAS.497.3351R', '2020MNRAS.498..532R', '2021ApJ...917...57S', '2021MNRAS.504..983M', '2021RAA....21...87S', '2022A&A...664A..67R', '2022MNRAS.510.2644S', '2022MNRAS.513.2039S', '2022arXiv220512084T']	68	article		['ADS_OPENACCESS', 'ARTICLE', 'DATA', 'EPRINT_OPENACCESS', 'ESOURCE', 'OPENACCESS', 'PUB_OPENACCESS', 'REFEREED']	('Arthur, S. Jane', 87)	
2576752	2009AIPC.1156..285A	['Dynamics of Bubbles in the ISM']	['Arthur, S. Jane']	['Centro de Radioastronomía y Astrofísica, Universidad Nacional Autónoma de México, Apdo. Postal 3-72, 58090 Morelia, Michoacán, México']	2009	The Local Bubble and Beyond II	1156	['285']	2009-08-00	2009-08-01T00:00:00Z	['AIPC', 'AIPC.1156']	['2010A&A...523A...6D', '2013HEDP....9..226D']	2	inproceedings		['ARTICLE', 'ESOURCE', 'NOT REFEREED', 'TOC']	('Arthur, S. Jane', 87)	
4911207	2009AJ....137..367O	['The Three-Dimensional Dynamic Structure of the Inner Orion Nebula']	"[""O'Dell, C. R."", 'Henney, W. J.', 'Abel, N. P.', 'Ferland, G. J.', 'Arthur, S. J.']"	['Department of Physics and Astronomy, Vanderbilt University, Box 1807-B, Nashville, TN 37235, USA', 'Centro de Radioastronomía y Astrofísica, Universidad Nacional Autónoma de México, Apartado Postal 3-72, 58090 Morelia, Michaoacán, Mexico', 'Department of Mathematics and Physics, College of Applied Science, University of Cincinnati, Cincinnati, OH 45221, USA', 'Department of Physics and Astronomy, University of Kentucky, Lexington, KY 40506, USA', 'Centro de Radioastronomía y Astrofísica, Universidad Nacional Autónoma de México, Apartado Postal 3-72, 58090 Morelia, Michaoacán, Mexico']	2009	The Astronomical Journal	137	['367']	2009-01-00	2009-01-01T00:00:00Z	['AJ', 'AJ....137']	['2009AJ....138.1235O', '2010AJ....139..950R', '2010AJ....140..985O', '2011A&A...532A..32F', '2011A&A...533A..38S', '2011IAUS..280P.156F', '2011MNRAS.416.1546A', '2011MNRAS.417..420M', '2011piim.book.....D', '2012A&A...543A.126K', '2012ApJ...749L..22S', '2012ApJ...757...78M', '2012MNRAS.421.1283A', '2013AJ....146..106O', '2013ApJ...762..101V', '2013ApJ...768...67W', '2013ApJS..207...10R', '2013MNRAS.428..691H', '2013MNRAS.430.3406T', '2013MNRAS.434.2313R', '2014AdAst2014E...5M', '2015A&A...582A.114W', '2015AJ....150..108O', '2015AJ....150..167A', '2015ApJ...801..113M', '2015ApJ...808..111O', '2015ApJ...812...45W', '2015ApJ...812...75G', '2016ApJ...825....2T', '2016ApJ...830..118S', '2016MNRAS.463.2864A', '2017A&A...599A..22N', '2017ApJ...837L..29H', '2017ApJ...838..152K', '2017MNRAS.464.4835O', '2017MNRAS.466.4937A', '2018A&A...612A..74K', '2018MNRAS.476.1213G', '2018MNRAS.477.5422A', '2018MNRAS.478.1017O', '2018MNRAS.481.3953A', '2019A&A...622A..91G', '2019A&A...626A..70S', '2019AJ....158..235G', '2019ApJ...881..130A', '2020ApJ...891...46O', '2021A&A...652A..77H', '2021ApJ...907..119O', '2021ApJ...908..162O', '2022A&A...663A.117K', '2022ApJ...927...37J', '2022MNRAS.514...43F']	52	article		['ARTICLE', 'DATA', 'EPRINT_OPENACCESS', 'ESOURCE', 'OPENACCESS', 'PUB_OPENACCESS', 'REFEREED']	('Arthur, S. J.', 86)	
2545481	2008IAUS..250..355A	['The Evolution of the Circumstellar and Interstellar Medium Around Massive Stars']	['Arthur, S. Jane']	['Centro de Radioastronomía y Astrofísica, Universidad Nacional Autónoma de México, Apartado Postal 3-72, 58090 Morelia, México']	2008	Massive Stars as Cosmic Engines	250	['355']	2008-06-00	2008-06-01T00:00:00Z	['IAUS', 'IAUS..250']	['2009ApJ...696L.115F', '2010ASPC..425..233T', '2011ApJ...738...46T', '2011BSRSL..80..297C', '2013nha..confE...6V', '2021PASJ...73S.220K']	6	inproceedings		['ADS_OPENACCESS', 'ARTICLE', 'ESOURCE', 'NOT REFEREED', 'OPENACCESS', 'TOC']	('Arthur, S. Jane', 87)	
941588	2008camf.confE..18H	['Magnetized, turbulent HII regions']	['Henney, William', 'Arthur, S. Jane', 'de Colle, Fabio', 'Mellema, Garrelt']	['-', '-', '-', '-']	2008	Cosmic Agitator: Magnetic Fields in the Galaxy		['18']	2008-03-00	2008-03-01T00:00:00Z	['camf', 'camf.conf']		0	inproceedings		['ARTICLE', 'ESOURCE', 'NOT REFEREED', 'TOC']	('Arthur, S. Jane', 87)	
11944392	2007ApJ...670..471A	['Off-Center H II Regions in Power-Law Density Distributions']	['Arthur, S. Jane']	['Centro de Radioastronomía y Astrofísica, Universidad Nacional Autónoma de México, Campus Morelia, Apartado Postal 3-72, 58090, Morelia, Michoacán, México']	2007	The Astrophysical Journal	670	['471']	2007-11-00	2007-11-01T00:00:00Z	['ApJ', 'ApJ...670']	['2007ApJ...668..980M', '2008ASPC..387..232L', '2012MNRAS.421.1283A', '2014Ap&SS.350..741D', '2017MNRAS.466.4573S', '2021MNRAS.500.3763K']	6	article		['ARTICLE', 'DATA', 'EPRINT_OPENACCESS', 'ESOURCE', 'OPENACCESS', 'PUB_OPENACCESS', 'REFEREED']	('Arthur, S. Jane', 87)	
2512809	2007RMxAC..30...64A	['Wind-Blown Bubbles and HII Regions around Massive Stars']	['Arthur, S. J.']	['Centro de Radioastronomía y Astrofísica, Universidad Nacional Autónoma de México, Apdo. Postal 3-72, 58090 Morelia, Michoacán, México']	2007	Revista Mexicana de Astronomia y Astrofisica Conference Series	30	['64']	2007-08-00	2007-08-01T00:00:00Z	['RMxAC', 'RMxAC..30']	['2008PhST..132a4024D', '2013HEDP....9..226D', '2014ApJ...785..100M', '2015A&A...578A..66T', '2016A&A...586A.111S', '2016JPhCS.767a2024S']	6	inproceedings		['ARTICLE', 'DATA', 'ESOURCE', 'NOT REFEREED', 'OPENACCESS', 'PUB_OPENACCESS', 'TOC']	('Arthur, S. J.', 86)	
11943012	2007ApJ...660.1296F	['From Ultracompact to Extended H II Regions. II. Cloud Gravity and Stellar Motion']	['Franco, José', 'García-Segura, Guillermo', 'Kurtz, Stanley E.', 'Arthur, S. Jane']	['Instituto de Astronomía, Universidad Nacional Autónoma de México, 04510 México D.F., Mexico', 'Instituto de Astronomía, Universidad Nacional Autónoma de México, 22800 Ensenada, Baja California, Mexico', 'Centro de Radioastronomía y Astrofísica, Universidad Nacional Autónoma de México, 58090 Morelia, Michoacán, Mexico', 'Centro de Radioastronomía y Astrofísica, Universidad Nacional Autónoma de México, 58090 Morelia, Michoacán, Mexico']	2007	The Astrophysical Journal	660	['1296']	2007-05-00	2007-05-01T00:00:00Z	['ApJ', 'ApJ...660']	['2006ApJS..165..283A', '2007ASSP....1..103H', '2007ApJ...668..980M', '2007ApJ...670..471A', '2008ApJ...673..354F', '2008MNRAS.390..523M', '2010ApJ...725.1091Z', '2012RMxAA..48..199R', '2012RMxAA..48..235R', '2013MNRAS.434.2742J', '2013MNRAS.436..859M', '2015A&A...573A..10M', '2015ApJ...812...87Z', '2017MNRAS.466.4573S', '2019ApJ...880...99R', '2019ApJ...881...14Z']	16	article		['ARTICLE', 'ASSOCIATED', 'DATA', 'EPRINT_OPENACCESS', 'ESOURCE', 'OPENACCESS', 'PUB_OPENACCESS', 'REFEREED']	('Arthur, S. Jane', 87)	
11961016	2007ASSP....1..183A	['Wind-Blown Bubbles around Evolved Stars']	['Arthur, S. J.']	['Centro de Radioastronomía y Astrofísica, UNAM, Campus Morelia']	2007	Diffuse Matter from Star Forming Regions to Active Galaxies - A Volume Honouring John Dyson	1	['183']	2007-00-00	2007-01-01T00:00:00Z	['ASSP', 'ASSP....1']	['2007A&A...467L..41M', '2007ApJ...659..314P', '2009AJ....137..367O', '2010ASPC..438...69E', '2010ApJ...713..592E', '2011A&A...525A.154S', '2011ApJ...737..100T', '2012ApJ...755..129G', '2013A&A...559A..52T', '2013KPCB...29..207M', '2014AJ....147...30T', '2014PhDT.......301T', '2015A&A...578A..66T', '2015ApJ...798...32N', '2015MNRAS.446.1083T', '2016ApJ...826...27D', '2021AJ....161..156F', '2021BAAA...62..274M']	18	inproceedings		['ARTICLE', 'DATA', 'EPRINT_OPENACCESS', 'ESOURCE', 'NOT REFEREED', 'OPENACCESS']	('Arthur, S. J.', 86)	
941863	2006ApJ...647..397M	['Dynamical H II Region Evolution in Turbulent Molecular Clouds']	['Mellema, Garrelt', 'Arthur, S. Jane', 'Henney, William J.', 'Iliev, Ilian T.', 'Shapiro, Paul R.']	['ASTRON, P.O. Box 1, NL-7990 AA Dwingeloo, Netherlands; Sterrewacht Leiden, P.O. Box 9513, NL-2300 RA Leiden, Netherlands.', 'Centro de Radioastronomía y Astrofísica, UNAM, Campus Morelia, Apartado Postal 3-72, 58090 Morelia, Mexico', 'Centro de Radioastronomía y Astrofísica, UNAM, Campus Morelia, Apartado Postal 3-72, 58090 Morelia, Mexico', 'Canadian Institute for Theoretical Astrophysics, University of Toronto, 60 St. George Street, Toronto, ON M5S 3H8, Canada', 'Department of Astronomy, University of Texas at Austin, RLM 16.204, Austin, TX 78712']	2006	The Astrophysical Journal	647	['397']	2006-08-00	2006-08-01T00:00:00Z	['ApJ', 'ApJ...647']	['2006ApJ...648L.131H', '2006ApJ...653..361K', '2006MNRAS.371.1057I', '2006MNRAS.372..443B', '2006MNRAS.373..623R', '2007A&A...463..187H', '2007A&A...471..193S', '2007AJ....133..952G', '2007ARA&A..45..565M', '2007ASSP....1..103H', '2007Ap&SS.307..179W', '2007ApJ...657..870V', '2007ApJ...660.1296F', '2007ApJ...661..262D', '2007ApJ...668..980M', '2007ApJ...670..428C', '2007ApJ...671..518K', '2007IAUS..237..246G', '2007RMxAC..30...64A', '2008A&A...478..769V', '2008AIPC.1035...68S', '2008IAUS..250..355A', '2008MNRAS.391.1527P', '2008NewA...13...60P', '2008RMxAA..44..181G', '2009A&A...503..477L', '2009AJ....137..367O', '2009ARep...53..611K', '2009ApJ...693.1316K', '2009ApJ...694L..26G', '2009MNRAS.392..964R', '2009MNRAS.393...21G', '2009MNRAS.398..157H', '2009MNRAS.400.1283I', '2010A&A...523A...6D', '2010ASInC...1...19O', '2010ApJ...723..971G', '2010ConPh..51..381W', '2010EAS....41..233W', '2010MNRAS.403..714M', '2010PhDT.......254L', '2010RMxAA..46..179R', '2011ASPC..451..199G', '2011CF.....42...44V', '2011EAS....51...45E', '2011IAUS..270..297A', '2011IAUS..270..301E', '2011IAUS..270..319G', '2011IAUS..270..511G', '2011MNRAS.412.2079M', '2011MNRAS.413..401E', '2011MNRAS.413..705L', '2011MNRAS.414.1747A', '2011MNRAS.416.1546A', '2011PASJ...63..795C', '2012A&A...538A..31T', '2012A&A...539A.147M', '2012A&A...546A..33T', '2012ASPC..465..398P', '2012ApJ...745...22G', '2012ApJ...745...47L', '2012ApJ...745..158G', '2012ApJ...757...79F', '2012MNRAS.420.2280L', '2012MNRAS.421.2232F', '2012MNRAS.424.2442S', '2012MNRAS.427..625W', '2013A&A...560A..19T', '2013Ap&SS.343..689C', '2013MNRAS.431.3003L', '2013MNRAS.435..917W', '2013MNRAS.436..859M', '2013RMxAA..49..275L', '2014ASSP...36..173W', '2014ApJ...795...28B', '2014ApJ...797..135K', '2014MNRAS.437.2816R', '2014MNRAS.445.1797M', '2014prpl.conf..125M', '2014prpl.conf..243K', '2015A&A...573A..10M', '2015A&A...573A..95M', '2015ApJ...813...36V', '2015EAS....75..353D', '2015MNRAS.453.1324B', '2015MNRAS.453.2277H', '2015MNRAS.454.2828B', '2015MNRAS.454.4484G', '2015NewAR..68....1D', '2015PhRvE..92e3105P', '2016MNRAS.462.3537M', '2016MNRAS.463.2864A', '2016PhDT.......154B', '2017MNRAS.464.4835O', '2017MmSAI..88..682G', '2018ASSL..424...39H', '2018Ap&SS.363...28G', '2018ApJ...859...68K', '2018MNRAS.473.3454B', '2018MNRAS.478.1218T', '2018NewAR..82....1H', '2019MNRAS.482.4062H', '2019MNRAS.483..704A', '2020A&A...641A..70B', '2020MNRAS.491..178K', '2020MNRAS.493.4643M', '2020MNRAS.497.5061I', '2021ApJ...908...30K', '2021ApJ...911..128K', '2021MNRAS.500.1721M', '2021MNRAS.500.1833S', '2021MNRAS.501.4136A', '2021MNRAS.504..983M', '2021MNRAS.505.3730W', '2021MNRAS.507..858P', '2021NatAs...5.1009F', '2022MNRAS.510.5592A']	117	article		['ARTICLE', 'DATA', 'EPRINT_OPENACCESS', 'ESOURCE', 'OPENACCESS', 'PUB_OPENACCESS', 'REFEREED']	('Arthur, S. Jane', 87)	
11899491	2006ApJS..165..283A	['Hydrodynamics of Cometary Compact H II Regions']	['Arthur, S. Jane', 'Hoare, M. G.']	['Centro de Radioastronomía y Astrofísica, UNAM, Campus Morelia, Apartado Postal 3-72, 58090 Morelia, México', 'School of Physics and Astronomy, University of Leeds, LS2 9JT, UK']	2006	The Astrophysical Journal Supplement Series	165	['283']	2006-07-00	2006-07-01T00:00:00Z	['ApJS', 'ApJS..165']	['2006ApJ...647..397M', '2007ASSP....1..103H', '2007ASSP....1..183A', '2007ApJ...660.1296F', '2007ApJ...668..980M', '2007ApJ...670..471A', '2007ApJ...671..518K', '2007RMxAC..30...64A', '2008A&A...478..443C', '2008A&A...478..769V', '2008ASPC..387..148M', '2008ApJ...684....1W', '2008ApJ...689..242P', '2008ApJS..177..584Z', '2008IAUS..250..355A', '2008MNRAS.386.1739P', '2008MNRAS.390.1619H', '2008arXiv0804.4156W', '2009AJ....137..367O', '2010ApJ...719..831P', '2010ApJ...725.1429Y', '2011A&A...525A.121C', '2011ApJ...735...84M', '2011ApJ...737..100T', '2011MNRAS.413..705L', '2011MNRAS.413..721L', '2011MNRAS.414.1747A', '2011MNRAS.416..972D', '2011PASJ...63.1345M', '2012MNRAS.420..562H', '2012MNRAS.420.2280L', '2012MNRAS.421.1283A', '2012PASP..124..939H', '2013MNRAS.436..859M', '2014A&A...563A..39I', '2014A&A...567L...5D', '2014MNRAS.438.1335R', '2014MNRAS.440..427R', '2014PhDT.......301T', '2014RMxAC..45...75S', '2015A&A...573A..10M', '2015A&A...582A.114W', '2015ApJ...812...87Z', '2015NewAR..68....1D', '2015RAA....15..828Z', '2015aska.confE.118U', '2016A&A...586A.114M', '2016A&A...587A.135R', '2016ApJ...821...79T', '2016MNRAS.456.2425V', '2016MNRAS.463.2864A', '2017ARep...61..760K', '2017ApJ...846...76T', '2017MNRAS.464.3229M', '2017MNRAS.465.4219V', '2017MNRAS.466.4573S', '2017arXiv171104086R', '2018A&A...612A..36D', '2018A&A...616A.107K', '2018A&A...617A..67S', '2018ApJ...852...93V', '2018MNRAS.478.1218T', '2018NewAR..82....1H', '2018PASJ...70..106S', '2019A&A...625A...4G', '2019A&A...631A.170R', '2019ApJ...881...14Z', '2019MNRAS.486.3423H', '2019MNRAS.487.2200Z', '2019MNRAS.487.2881S', '2019MNRAS.489.2142H', '2019PASJ...71S...1S', '2019arXiv190700122H', '2020ApJ...890..165R', '2020MNRAS.492.2481W', '2020MNRAS.495.2234G', '2021ApJ...908...68O', '2021MNRAS.508.5362B', '2021SciA....7.9511L', '2022A&A...665A..35G', '2022A&A...665A..94Z', '2022MNRAS.509.4758H', '2022MNRAS.510..658P', '2022MNRAS.515.1557R']	84	article		['ARTICLE', 'DATA', 'EPRINT_OPENACCESS', 'ESOURCE', 'OPENACCESS', 'PUB_OPENACCESS', 'REFEREED']	('Arthur, S. Jane', 87)	
11852936	2005ApJ...627..813H	['Photoevaporation Flows in Blister H II Regions. I. Smooth Ionization Fronts and Application to the Orion Nebula']	['Henney, W. J.', 'Arthur, S. J.', 'García-Díaz, Ma. T.']	['Centro de Radioastronomía y Astrofísica, Universidad Nacional Autonoma de México, Campus Morelia, Apartado Postal 3-72, 58090 Morelia, Michoacán, Mexico; Department of Physics and Astronomy, University of Leeds, LS2 9JT, UK.', 'Centro de Radioastronomía y Astrofísica, Universidad Nacional Autonoma de México, Campus Morelia, Apartado Postal 3-72, 58090 Morelia, Michoacán, Mexico; Department of Physics and Astronomy, University of Leeds, LS2 9JT, UK.', 'Centro de Radioastronomía y Astrofísica, Universidad Nacional Autonoma de México, Campus Morelia, Apartado Postal 3-72, 58090 Morelia, Michoacán, Mexico']	2005	The Astrophysical Journal	627	['813']	2005-07-00	2005-07-01T00:00:00Z	['ApJ', 'ApJ...627']	['2005ApJS..161...65A', '2006ApJ...647..397M', '2006ApJS..165..283A', '2007A&A...471..193S', '2007AJ....133..952G', '2007ASSP....1..103H', '2007ASSP....1..183A', '2007ApJ...660.1296F', '2007ApJ...667..257B', '2007ApJ...670..471A', '2008ApJS..177..584Z', '2008RMxAA..44..181G', '2008Sci...319..309G', '2008hsf1.book..544O', '2009AJ....137..367O', '2009ApJ...691.1109L', '2009ApJ...693..285P', '2009ApJ...701..677S', '2010AJ....140..985O', '2010MNRAS.403..714M', '2011ApJ...737..100T', '2011MNRAS.412.2079M', '2011MNRAS.413..705L', '2011MNRAS.414..321D', '2011MNRAS.416.1546A', '2012ApJ...757...79F', '2013MNRAS.428..691H', '2013MNRAS.430.3406T', '2014A&A...563A..65O', '2014AdAst2014E...5M', '2014Natur.512..282M', '2015A&A...576A...2O', '2017ApJ...837..151O', '2017MNRAS.464.4835O', '2017MNRAS.466.4573S', '2017arXiv170306191O', '2018A&A...617A..67S', '2018MNRAS.477.5422A', '2018MNRAS.478.1017O', '2018arXiv180101547B', '2019MNRAS.486.3423H', '2019arXiv190700122H', '2020A&A...636A..16G', '2020ApJ...905...61P', '2021A&A...656A..65M', '2021ApJ...907..119O', '2021ApJ...908..162O', '2021MNRAS.507.3810K', '2022ApJ...926...25P']	49	article		['ARTICLE', 'ASSOCIATED', 'DATA', 'EPRINT_OPENACCESS', 'ESOURCE', 'OPENACCESS', 'PUB_OPENACCESS', 'REFEREED']	('Arthur, S. J.', 86)	
3410391	2005ApJ...621..328H	['Self-Consistent Dynamic Models of Steady Ionization Fronts. I. Weak-D and Weak-R Fronts']	['Henney, W. J.', 'Arthur, S. J.', 'Williams, R. J. R.', 'Ferland, G. J.']	['Centro de Radioastronomía y Astrofísica, Universidad Nacional Autonoma de México, Campus Morelia, Apartado Postal 3-72, 58090 Morelia, Michoacán, Mexico; Work carried out in part while on sabbatical at Department of Physics and Astronomy, University of Leeds, LS2 9JT, UK.', 'Centro de Radioastronomía y Astrofísica, Universidad Nacional Autonoma de México, Campus Morelia, Apartado Postal 3-72, 58090 Morelia, Michoacán, Mexico', 'Atomic Weapons Establishment, Aldermaston, RG7 4PR, UK', 'Department of Physics and Astronomy, University of Kentucky, 177 Chemistry/Physics Building, 600 Rose Street, Lexington, KY 40506-0055']	2005	The Astrophysical Journal	621	['328']	2005-03-00	2005-03-01T00:00:00Z	['ApJ', 'ApJ...621']	['2005AIPC..804...35E', '2005AJ....130..172O', '2005ApJ...627..813H', '2005ApJ...633..295W', '2006ApJ...644..344A', '2006ApJ...647..367A', '2006ApJ...647..397M', '2006IAUS..234..259E', '2006MNRAS.368.1949A', '2007ASSP....1..103H', '2007ApJ...658.1119P', '2007ApJ...670..471A', '2007ApJ...671L.137H', '2008EAS....31...53F', '2009ApJ...693..285P', '2009ApJ...701..677S', '2009MNRAS.394L..16M', '2009MNRAS.398..157H', '2010A&A...517A..27M', '2010ApJ...708.1551R', '2010MNRAS.404..275A', '2011Ap&SS.336..235F', '2011ApJ...738..174M', '2011MNRAS.416.1546A', '2012ApJ...757...79F', '2012MNRAS.426..614M', '2013ApJ...774..112W', '2013MNRAS.436..859M', '2013RMxAA..49..137F', '2014MNRAS.437..843G', '2014MNRAS.438.1335R', '2015A&A...576A..21S', '2015A&A...582A..24M', '2015AJ....149..101H', '2015MNRAS.446.1234C', '2016ApJ...819..137K', '2016mmcr.book..153F', '2017ApJ...851...93K', '2017MNRAS.464.1833E', '2017MNRAS.464.3315A', '2017MNRAS.464.4835O', '2017RMxAA..53..385F', '2020CoSka..50...32H', '2020MNRAS.496..339P', '2021MNRAS.502.4597H', '2021bhns.confE...1K']	46	article		['ARTICLE', 'DATA', 'EPRINT_OPENACCESS', 'ESOURCE', 'OPENACCESS', 'PUB_OPENACCESS', 'REFEREED']	('Arthur, S. J.', 86)	
2324094	2004ApJ...608..282A	['The Effects of Dust on Compact and Ultracompact H II Regions']	['Arthur, S. Jane', 'Kurtz, Stanley E.', 'Franco, José', 'Albarrán, Marna Y.']	['Centro de Radioastronomía y Astrofísica, Universidad Nacional Autónoma de México, Campus Morelia, Apartado Postal 3-72, 58090 Morelia, Michoacán, México; On sabbatical leave at the Department of Physics and Astronomy, University of Leeds, Woodhouse Lane, Leeds LS2 9JT, UK.', 'Centro de Radioastronomía y Astrofísica, Universidad Nacional Autónoma de México, Campus Morelia, Apartado Postal 3-72, 58090 Morelia, Michoacán, México.', 'Instituto de Astronomía, Universidad Nacional Autónoma de México, Apartado Postal 70-264, 04510 México, D.F., México.', 'Centro de Radioastronomía y Astrofísica, Universidad Nacional Autónoma de México, Campus Morelia, Apartado Postal 3-72, 58090 Morelia, Michoacán, México.']	2004	The Astrophysical Journal	608	['282']	2004-06-00	2004-06-01T00:00:00Z	['ApJ', 'ApJ...608']	['2005ApJ...623..917H', '2005ApJ...627..813H', '2005IAUS..227..389C', '2005MNRAS.358..291D', '2006A&A...453.1003T', '2006ApJ...639..788D', '2006ApJ...646..240H', '2006ApJS..165..283A', '2007A&A...476.1019M', '2007ASSP....1...61H', '2007ASSP....1..103H', '2007ApJ...660.1296F', '2007ApJ...664..363H', '2007ApJ...668..980M', '2008IAUS..255..361H', '2009A&A...507.1327H', '2009ApJ...703.1352K', '2009MNRAS.400..263W', '2011ApJ...732..100D', '2011MNRAS.414.1747A', '2011MNRAS.415.3439D', '2012A&A...542A..10A', '2012ApJ...744..130K', '2012ApJ...757...79F', '2012ApJ...757..108Y', '2012MNRAS.421.1283A', '2012MNRAS.427..625W', '2013ApJ...779..113M', '2013MNRAS.434.2742J', '2014A&A...568A...4T', '2014MNRAS.439.2990S', '2015MNRAS.447.2307M', '2015MNRAS.449..440A', '2016A&A...586A.114M', '2016AJ....152..152R', '2016ApJ...816L..16I', '2016ApJ...819..137K', '2016ApJ...824..125L', '2017ARA&A..55...59N', '2017MNRAS.466.4573S', '2017MNRAS.470.4453R', '2017MNRAS.472.4750D', '2017arXiv170902539R', '2017arXiv171104086R', '2018A&A...612A..36D', '2018A&A...616A..91G', '2018RAA....18...91T', '2019MNRAS.482..321G', '2019MNRAS.485.1775I', '2019MNRAS.486.4423H', '2020ApJ...904..192W', '2021A&A...645A.110Y']	52	article		['ARTICLE', 'DATA', 'ESOURCE', 'OPENACCESS', 'PUB_OPENACCESS', 'REFEREED']	('Arthur, S. Jane', 87)	
1811537	1991IAUS..148..331A	['Supernova Explosions in Stellar Wind Bubbles']	['Arthur, S. Jane']	['-']	1991	The Magellanic Clouds	148	['331']	1991-00-00	1991-01-01T00:00:00Z	['IAUS', 'IAUS..148']	['1991MNRAS.251...93A']	1	inproceedings		['ADS_OPENACCESS', 'ARTICLE', 'ESOURCE', 'NOT REFEREED', 'OPENACCESS', 'TOC']	('Arthur, S. Jane', 87)	
11774005	2003A&A...401.1027P	['The evolution of mass loaded supernova remnants. II. Temperature dependent mass injection rates']	['Pittard, J. M.', 'Arthur, S. J.', 'Dyson, J. E.', 'Falle, S. A. E. G.', 'Hartquist, T. W.', 'Knight, M. I.', 'Pexton, M.']	['Department of Physics and Astronomy, The University of Leeds, Woodhouse Lane, Leeds LS2 9JT, UK', 'Instituto de Astronomia, UNAM, Campus Morelia, Apartado Postal 3-72, 58090 Morelia, Michoacan, Mexico', 'Department of Physics and Astronomy, The University of Leeds, Woodhouse Lane, Leeds LS2 9JT, UK', 'Department of Applied Mathematics, The University of Leeds, Woodhouse Lane, Leeds LS2 9JT, UK', 'Department of Physics and Astronomy, The University of Leeds, Woodhouse Lane, Leeds LS2 9JT, UK', 'Department of Physics and Astronomy, The University of Leeds, Woodhouse Lane, Leeds LS2 9JT, UK', 'Department of Applied Mathematics, The University of Leeds, Woodhouse Lane, Leeds LS2 9JT, UK']	2003	Astronomy and Astrophysics	401	['1027']	2003-04-00	2003-04-01T00:00:00Z	['A&A', 'A&A...401']	['2004A&A...414..399P', '2004ApJ...612..319S', '2007ASSP....1..245P', '2009MNRAS.396.1743P', '2010ApJ...713..592E', '2010MNRAS.405..821P', '2012MNRAS.425.2212A', '2013MNRAS.431.1337R', '2013MNRAS.435.3600P', '2015ApJ...804...22P', '2016MNRAS.457.4470P', '2017AJ....153..239L', '2017MNRAS.470.2427G', '2019MNRAS.488.3376P']	14	article		['ARTICLE', 'ASSOCIATED', 'EPRINT_OPENACCESS', 'ESOURCE', 'INSPIRE', 'OPENACCESS', 'PUB_OPENACCESS', 'REFEREED']	('Arthur, S. J.', 86)	
1811537	1991IAUS..148..331A	['Supernova Explosions in Stellar Wind Bubbles']	['Arthur, S. Jane']	['-']	1991	The Magellanic Clouds	148	['331']	1991-00-00	1991-01-01T00:00:00Z	['IAUS', 'IAUS..148']	['1991MNRAS.251...93A']	1	inproceedings		['ADS_OPENACCESS', 'ARTICLE', 'ESOURCE', 'NOT REFEREED', 'OPENACCESS', 'TOC']	('Arthur, S. Jane', 87)	
1811537	1991IAUS..148..331A	['Supernova Explosions in Stellar Wind Bubbles']	['Arthur, S. Jane']	['-']	1991	The Magellanic Clouds	148	['331']	1991-00-00	1991-01-01T00:00:00Z	['IAUS', 'IAUS..148']	['1991MNRAS.251...93A']	1	inproceedings		['ADS_OPENACCESS', 'ARTICLE', 'ESOURCE', 'NOT REFEREED', 'OPENACCESS', 'TOC']	('Arthur, S. Jane', 87)	
2224840	2002A&A...390.1063D	['The evolution of mass loaded supernova remnants. I. Constant and Mach Number dependent mass injection rates']	['Dyson, J. E.', 'Arthur, S. J.', 'Hartquist, T. W.']	['Department of Physics and Astronomy, University of Leeds, Leeds, LS2 9JT, UK', 'Instituto de Astronomia, UNAM, Campus Morelia, Apartado Postal 3-72, 58090 Morelia, Michoacán, Mexico', 'Department of Physics and Astronomy, University of Leeds, Leeds, LS2 9JT, UK']	2002	Astronomy and Astrophysics	390	['1063']	2002-08-00	2002-08-01T00:00:00Z	['A&A', 'A&A...390']	['2003A&A...401.1027P', '2003ApJ...595..120G', '2003CoKon.103..129D', '2004ApJ...612..319S', '2005ApJ...635...86C', '2006MNRAS.373..993F', '2007ASSP....1..245P', '2009SSRv..143..437F', '2009fohl.book..437F', '2010MNRAS.405..821P', '2012MNRAS.425.2212A', '2013MNRAS.431.1337R', '2015PhRvE..92e3105P', '2016MNRAS.457.4470P', '2017AJ....153..239L', '2017MNRAS.470.2427G', '2019MNRAS.488.3376P', '2020MNRAS.491.2855V']	18	article		['ARTICLE', 'ASSOCIATED', 'DATA', 'ESOURCE', 'OPENACCESS', 'PUB_OPENACCESS', 'REFEREED']	('Arthur, S. J.', 86)	
2231844	2002Ap&SS.281..267A	['Photoionized Regions Around Supernova Remnants']	['Arthur, S. Jane']	['Instituto de Astronomía, UNAM, Morelia, Michoacán, México']	2002	Astrophysics and Space Science	281	['267']	2002-07-00	2002-07-01T00:00:00Z	['Ap&SS', 'Ap&SS.281']	['2013Ap&SS.346....3O']	1	article		['ARTICLE', 'DATA', 'ESOURCE', 'REFEREED']	('Arthur, S. Jane', 87)	
2264976	2002RMxAA..38...51G	['Mass Loading by Proplyds of an O-Star Wind']	['García-Arredondo, F.', 'Arthur, S. J.', 'Henney, W. J.']	['Instituto de Física y Matemáticas Universidad Michoacana de San Nicolás de Hidalgo, México', '-', '-']	2002	Revista Mexicana de Astronomia y Astrofisica	38	['51']	2002-04-00	2002-04-01T00:00:00Z	['RMxAA', 'RMxAA..38']	['2002ApJ...580..969S', '2004ApJ...614..807L', '2005A&A...438..599G', '2005AJ....129..355B', '2005ApJ...628..758K', '2006ApJS..165..283A', '2007ASSP....1..103H', '2008hsf1.book..544O', '2009AJ....137..367O', '2010MNRAS.405..821P', '2012MNRAS.421.1283A', '2014ApJ...797..100F', '2014MNRAS.443.3486T']	13	article		['ADS_OPENACCESS', 'ARTICLE', 'DATA', 'ESOURCE', 'OPENACCESS', 'PUB_OPENACCESS', 'REFEREED']	('Arthur, S. J.', 86)	
2264911	2002RMxAA..38..111O	['Massive Star Formation Near the Supernova Remnant W30']	['Ojeda-May, P.', 'Kurtz, S. E.', 'Rodríguez, L. F.', 'Arthur, S. J.', 'Velázquez, P.']	['Facultad de Ingeniería, Universidad Autónoma de Yucatán', '-', '-', '-', '-']	2002	Revista Mexicana de Astronomia y Astrofisica	38	['111']	2002-04-00	2002-04-01T00:00:00Z	['RMxAA', 'RMxAA..38']	['2003PASP..115..514T', '2005ICRC....4..105L', '2006ApJ...636..777A', '2007PASJ...59S.209B', '2008ApJ...683..957H', '2010PASJ...62..557T', '2012ApJ...744...80A', '2012ApJ...756..151D', '2015A&ARv..23....3D', '2019ApJ...881...94L']	10	article		['ADS_OPENACCESS', 'ARTICLE', 'DATA', 'ESOURCE', 'OPENACCESS', 'PUB_OPENACCESS', 'REFEREED']	('Arthur, S. J.', 86)	
2264990	2002RMxAC..12...43F	['The Hydrodynamics of Photoionized Flows']	['Ferland, G. J.', 'Henney, W. J.', 'Williams, R. J. R.', 'Arthur, S. J.']	['University of Kentucky, USA', '-', '-', '-']	2002	Revista Mexicana de Astronomia y Astrofisica Conference Series	12	['43']	2002-02-00	2002-02-01T00:00:00Z	['RMxAC', 'RMxAC..12']	['2002RMxAC..12...56E', '2002RMxAC..12..275P', '2005ApJ...624..794S']	3	inproceedings		['ADS_OPENACCESS', 'ARTICLE', 'DATA', 'ESOURCE', 'NOT REFEREED', 'OPENACCESS', 'PUB_OPENACCESS', 'TOC']	('Arthur, S. J.', 86)	
2192142	2001ApJ...561..830G	['Hydrodynamic Simulations of Proplyd Bow Shocks']	['García-Arredondo, F.', 'Henney, W. J.', 'Arthur, S. J.']	['Instituto de Física y Matemáticas, Universidad Michoacana de San Nicolás de Hidalgo, Apartado Postal 2-82, 58040 Morelia, Michoacán, Mexico', 'Instituto de Astronomía, Universidad Nacional Autónoma de México, Campus Morelia, Apartado Postal 3-72 (Xangari), 58089 Morelia, Michoacán, Mexico', 'Instituto de Astronomía, Universidad Nacional Autónoma de México, Campus Morelia, Apartado Postal 3-72 (Xangari), 58089 Morelia, Michoacán, Mexico']	2001	The Astrophysical Journal	561	['830']	2001-11-00	2001-11-01T00:00:00Z	['ApJ', 'ApJ...561']	['2002ApJ...566..315H', '2002ApJ...566..910T', '2002ApJ...570..222G', '2002RMxAA..38...51G', '2002RMxAA..38...71H', '2002RMxAC..13...59H', '2002astro.ph.11639D', '2003RMxAA..39..127D', '2003RMxAC..18...21D', '2005AJ....129.1534R', '2005AJ....130.1171Y', '2005RMxAA..41...45R', '2006ApJS..165..283A', '2007A&A...471..193S', '2007ASSP....1..103H', '2009A&A...495L..13R', '2009AJ....137..367O', '2010RMxAA..46...79V', '2011A&A...527A..86V', '2012MNRAS.421.1283A', '2012MNRAS.426..614M', '2013MNRAS.430.3406T', '2014AdAst2014E...5M', '2014ApJ...797..100F', '2014MNRAS.438.1318G', '2015ApJ...811...10R', '2016ApJ...829...38M', '2016ApJS..227...18K', '2016MNRAS.463.2864A', '2017cfe..confE..16H', '2018MNRAS.477.2431T', '2019MNRAS.486.4423H', '2019arXiv190700122H', '2020MNRAS.496..959G', '2021MNRAS.503.4172H']	35	article		['ARTICLE', 'DATA', 'ESOURCE', 'OPENACCESS', 'PUB_OPENACCESS', 'REFEREED']	('Arthur, S. J.', 86)	
2182458	2001AAS...198.6507F	['Plasma/hydrodynamical simulations of the Orion HII Region and PDR']	['Ferland, G. J.', 'Arthur, S. J.', 'Henney, W. J.', 'Williams, R.']	['University of Kentucky', 'Instituto de Astronomía, U. Nacional Autónoma de México', 'Instituto de Astronomía, U. Nacional Autónoma de México', 'Cardiff University.']	2001	American Astronomical Society Meeting Abstracts #198	198	['65.07']	2001-05-00	2001-05-01T00:00:00Z	['AAS', 'AAS...198']		0	abstract		['NONARTICLE', 'NOT REFEREED', 'TOC']	('Arthur, S. J.', 86)	
2221220	2001RMxAC..10...65G	['Hydrodynamic simulations of proplyd bowshocks']	['García-Arredondo, F.', 'Henney, W. J.', 'Arthur, S. J.']	['Instituto de Física y Matemáticas, UMSNH, Morelia, Michoacán, México', '-', '-']	2001	Revista Mexicana de Astronomia y Astrofisica Conference Series	10	['65']	2001-03-00	2001-03-01T00:00:00Z	['RMxAC', 'RMxAC..10']		0	inproceedings		['ADS_OPENACCESS', 'ARTICLE', 'DATA', 'ESOURCE', 'NOT REFEREED', 'OPENACCESS', 'PUB_OPENACCESS', 'TOC']	('Arthur, S. J.', 86)	
2221216	2001RMxAC..10...49A	['Photoionizing Shocks in the ISM']	['Arthur, S. J.']	['Instituto de Astronomía, UNAM, Morelia']	2001	Revista Mexicana de Astronomia y Astrofisica Conference Series	10	['49']	2001-03-00	2001-03-01T00:00:00Z	['RMxAC', 'RMxAC..10']	['2006ApJS..162..261L']	1	inproceedings		['ADS_OPENACCESS', 'ARTICLE', 'DATA', 'ESOURCE', 'NOT REFEREED', 'OPENACCESS', 'PUB_OPENACCESS', 'TOC']	('Arthur, S. J.', 86)	
2207372	2001IAUS..205..274A	['On the bowshocks associated with the orion proplyds']	['Arthur, S. J.', 'Henney, W. J.', 'Garcia-Arredondo, F.']	['Instituto de Astronomía, UNAM Campus Morelia, México', '-', '-']	2001	Galaxies and their Constituents at the Highest Angular Resolutions	205	['274']	2001-01-00	2001-01-01T00:00:00Z	['IAUS', 'IAUS..205']		0	inproceedings		['ADS_OPENACCESS', 'ARTICLE', 'ESOURCE', 'NOT REFEREED', 'OPENACCESS', 'TOC']	('Arthur, S. J.', 86)	
2194789	2001ASPC..247..299A	['Time Dependent Radiation-Hydrodynamic Simulations of SNR and their Photoionized Precursor Regions']	['Arthur, S. Jane']	['-']	2001	Spectroscopic Challenges of Photoionized Plasmas	247	['299']	2001-00-00	2001-01-01T00:00:00Z	['ASPC', 'ASPC..247']	['2002Ap&SS.281..267A']	1	inproceedings		['ADS_OPENACCESS', 'ARTICLE', 'ESOURCE', 'NOT REFEREED', 'OPENACCESS', 'TOC']	('Arthur, S. Jane', 87)	
943596	2000MNRAS.314..681R	['The emergence of a neutral Herbig-Haro jet into a photoionized nebula']	['Raga, A.', 'López-Martín, L.', 'Binette, L.', 'López, J. A.', 'Cantó, J.', 'Arthur, S. J.', 'Mellema, G.', 'Steffen, W.', 'Ferruit, P.']	['Instituto de Astronomía, UNAM, Ap. 70-264, 04510 D. F., México', 'Instituto de Astronomía, UNAM, Ap. 70-264, 04510 D. F., México', 'Instituto de Astronomía, UNAM, Ap. 70-264, 04510 D. F., México', 'Instituto de Astronomía, UNAM, Ap. 877, 22800 Ensenada, B. C., México', 'Instituto de Astronomía, UNAM, Ap. 70-264, 04510 D. F., México', 'Instituto de Astronomía, UNAM, J. J. Tablada 1006, 58090 Morelia, Michoacán, México', 'Stockholm Observatory, SE-133 36, Saltsjöbaden, Sweden', 'Instituto de Astronomía y Meteorología, Universidad de Guadalajara, Avenida Vallarta 2602, 44130 Guadalajara, Jalisco, México', 'Department of Astronomy, University of Maryland, College Park, MD 20742, USA']	2000	Monthly Notices of the Royal Astronomical Society	314	['681']	2000-06-00	2000-06-01T00:00:00Z	['MNRAS', 'MNRAS.314']	['2000AJ....119.2919B', '2001A&A...371.1118L', '2001A&A...376.1073M', '2001A&A...377..589G', '2001AJ....121..408M', '2001AJ....122.1928R', '2001ARA&A..39..403R', '2001ApJ...546..299B', '2002ApJ...566..315H', '2002MNRAS.337..327M', '2004ApJ...606..353A', '2004ApJ...615..850M', '2004RMxAA..40...15R', '2005AJ....130..730M', '2006A&A...452..907R', '2006NewA...11..374M', '2009ASSP...13..295R', '2010A&A...517A..20R', '2012MNRAS.421.3399N', '2013ApJ...779..111E', '2017MNRAS.471.4910R', '2021ApJ...918...75E', '2021MNRAS.502.1703M']	23	article		['ADS_OPENACCESS', 'ARTICLE', 'DATA', 'ESOURCE', 'OPENACCESS', 'PUB_OPENACCESS', 'REFEREED']	('Arthur, S. J.', 86)	
2178193	2000RMxAC...9..223G	['On the Bowshocks Associated with the Orion Proplyds']	['García-Arredondo, F.', 'Arthur, S. J.', 'Henney, W. J.']	['-', '-', '-']	2000	Revista Mexicana de Astronomia y Astrofisica Conference Series	9	['223']	2000-05-00	2000-05-01T00:00:00Z	['RMxAC', 'RMxAC...9']		0	inproceedings		['ADS_OPENACCESS', 'ARTICLE', 'DATA', 'ESOURCE', 'NOT REFEREED', 'OPENACCESS', 'PUB_OPENACCESS', 'TOC']	('Arthur, S. J.', 86)	
2176059	2000RMxAC...9.....A	['Astrophysical Plasmas: Codes, Models, and Observations']	['Arthur, S. J.', 'Brickhouse, N. S.', 'Franco, J.']	['-', '-', '-']	2000	Revista Mexicana de Astronomia y Astrofisica Conference Series	9		2000-05-00	2000-05-01T00:00:00Z	['RMxAC', 'RMxAC...9']		0	proceedings		['ADS_OPENACCESS', 'ESOURCE', 'NONARTICLE', 'NOT REFEREED', 'OPENACCESS', 'TOC']	('Arthur, S. J.', 86)	
941384	1999RMxAA..35..123R	['3D Transfer of the Diffuse Ionizing Radiation in ISM Flows and the Preionization of a Herbig-Haro Working Surface']	['Raga, A. C.', 'Mellema, G.', 'Arthur, S. J.', 'Binette, L.', 'Ferruit, P.', 'Steffen, W.']	['-', '-', '-', '-', '-', '-']	1999	Revista Mexicana de Astronomia y Astrofisica	35	['123']	1999-10-00	1999-10-01T00:00:00Z	['RMxAA', 'RMxAA..35']	['2000A&A...358..701R', '2000A&A...364..763R', '2000ASPC..215..158L', '2000ApJ...536..896C', '2000MNRAS.314..681R', '2000RMxAA..36...67R', '2001A&A...367..959R', '2001A&A...371.1118L', '2001A&A...376.1073M', '2001A&A...377.1136V', '2001AJ....121..408M', '2001RMxAC..10...61L', '2002PhRvL..89p5003K', '2003A&A...405..189L', '2003ApJ...593L..47R', '2005ApJ...627..813H', '2006A&A...455..203R', '2006ApJ...647..397M', '2006ApJS..165..283A', '2006MNRAS.371.1057I', '2006NewA...11..374M', '2007ApJ...668..310R', '2009AIPC.1201..309G', '2009ASSP...13..359S', '2009MNRAS.400.1283I', '2010LPB....28..253S', '2010MNRAS.403..714M', '2011ApJ...737..100T', '2012A&A...539A.147M', '2012MNRAS.421.1283A', '2013ApJ...779..111E', '2013JQSRT.125..105V', '2014ASPC..488...71G', '2014MNRAS.437.2816R', '2014MNRAS.443.3486T', '2015A&A...573A..10M', '2015MNRAS.453.2277H', '2016A&A...586A.114M', '2016Ap&SS.361...31N', '2017HEDP...23...20S', '2017MNRAS.468.3785R', '2019JCAP...02..058G', '2021MNRAS.503.5807S', '2021MNRAS.505.1863G']	44	article		['ADS_OPENACCESS', 'ARTICLE', 'DATA', 'ESOURCE', 'OPENACCESS', 'REFEREED']	('Arthur, S. J.', 86)	
2065404	1998AJ....116..322H	['Modeling the Brightness Profiles of the Orion Proplyds']	['Henney, W. J.', 'Arthur, S. J.']	['Instituto de Astronomía, Universidad Nacional Autónoma de México, J. J. Tablada 1006, Colonia Lomas de Santa Maria, 58090 Morelia, Michoacán, México', 'Instituto de Astronomía, Universidad Nacional Autónoma de México, J. J. Tablada 1006, Colonia Lomas de Santa Maria, 58090 Morelia, Michoacán, México']	1998	The Astronomical Journal	116	['322']	1998-07-00	1998-07-01T00:00:00Z	['AJ', 'AJ....116']	['1998AJ....116.1868B', '1999AJ....118.2350H', '1999ASPC..188...25O', '1999ASPC..188...39L', '1999ApJ...515..669S', '1999ApJ...526..274H', '2000AJ....119.2910O', '2000AJ....119.2919B', '2000AJ....120..382O', '2001ARA&A..39...99O', '2001ASPC..243..449M', '2001ApJ...548..288L', '2001ApJ...561..830G', '2001IAUS..205..272H', '2001IAUS..205..274A', '2001MNRAS.325..293W', '2001MNRAS.327..788W', '2001RMxAC..10....1O', '2001RMxAC..10...57H', '2001RMxAC..10...65G', '2001RMxAC..10..213H', '2002ApJ...566..315H', '2002ApJ...570..222G', '2002RMxAA..38...51G', '2002RMxAA..38...71H', '2002RMxAC..12...43F', '2002astro.ph.11639D', '2003ApJ...587L.105S', '2003RMxAA..39..127D', '2003RMxAC..18...21D', '2003dhst.symp...44B', '2004AJ....127.2252Z', '2004ASPC..324..168H', '2005A&A...441..195V', '2005AJ....129.1534R', '2005AJ....129.2281B', '2005AJ....130.1707V', '2005ApJ...621..328H', '2005ApJ...627..813H', '2005IAUS..227...12B', '2005MNRAS.358..742S', '2005RMxAA..41...45R', '2005RMxAA..41..443G', '2006NewA...11..374M', '2007ASSP....1..103H', '2007MNRAS.376.1350C', '2007MNRAS.377..383E', '2008hsf1.book..544O', '2009Ap.....52..288Y', '2009ApJ...703.1352K', '2010ApJ...711..881H', '2011ApJ...732..100D', '2012A&A...539A.119F', '2012ApJ...757..108Y', '2012MNRAS.421.1283A', '2012MNRAS.426..614M', '2012MNRAS.427..311W', '2013ApJ...765L..38V', '2013MNRAS.430.3406T', '2014AdAst2014E...5M', '2014ApJ...787..107K', '2014ApJ...793...56G', '2014MNRAS.438.1318G', '2015AJ....150..108O', '2016ApJ...819..137K', '2016ApJ...831..155S', '2016MNRAS.463.3616H', '2016SSRv..205..125G', '2017MNRAS.464.2963S', '2018fdpm.book..165G', '2019A&A...627A..58I', '2019ApJ...870...32K', '2019MNRAS.489.2142H', '2019MNRAS.490.5478W', '2020MNRAS.492.1279S', '2021ApJ...908...68O', '2021MNRAS.503.4172H', '2021MNRAS.506.3169V', '2022ApJ...926L..23H', '2022MNRAS.512.2594H', '2022MNRAS.512.3788Q', '2022MNRAS.514..744M', '2022arXiv220903889R']	83	article		['ARTICLE', 'DATA', 'ESOURCE', 'OPENACCESS', 'PUB_OPENACCESS', 'REFEREED']	('Arthur, S. J.', 86)	
2026810	1997ApJ...484..810A	['On the Relative Importance of Photoevaporative and Hydrodynamic Effects in the Ablation of Self-gravitating Globules in Compact H II Regions']	['Arthur, S. J.', 'Lizano, S.']	['Instituto de Astronomía, Universidad Nacional Autónoma de México, Apdo. Postal 70-264, 04510 México D.F., Mexico', 'Instituto de Astronomía, Universidad Nacional Autónoma de México, Apdo. Postal 70-264, 04510 México D.F., Mexico']	1997	The Astrophysical Journal	484	['810']	1997-07-00	1997-07-01T00:00:00Z	['ApJ', 'ApJ...484']	['1999ApJ...514..232K', '1999PASP..111.1049G', '1999RvMP...71..173H', '2000ApJ...536..368A', '2000ApJ...536..896C', '2001ApJ...561..830G', '2002RMxAA..38...51G', '2003RMxAC..15...50S', '2003RMxAC..15..115R', '2005ApJ...628..758K', '2005RMxAA..41...45R', '2006MNRAS.372..457S', '2007ASSP....1..103H', '2007ASSP....1..245P', '2012EAS....56..175Y', '2014ApJ...797..100F', '2017MNRAS.469.1117C', '2021MNRAS.501.5330S']	18	article		['ARTICLE', 'ESOURCE', 'OPENACCESS', 'PUB_OPENACCESS', 'REFEREED']	('Arthur, S. J.', 86)	
11621261	1997IAUS..182..561H	['Two-Wind Interaction Models of the Proplyds in the Orion Nebula']	['Henney, W. J.', 'Arthur, S. J.']	['Instituto de Astronomia, UNAM, Unidad Morelia, J. J. Tablada 1006, 58090 Morelia, Michoacan, Mexico', 'Instituto de Astronomia, UNAM, Unidad Morelia, J. J. Tablada 1006, 58090 Morelia, Michoacan, Mexico']	1997	Herbig-Haro Flows and the Birth of Stars	182	['561']	1997-00-00	1997-01-01T00:00:00Z	['IAUS', 'IAUS..182']	['1998AJ....115..263O', '1998AJ....116..322H', '1998ApJ...502..695C', '1999AJ....118.2350H', '2005AJ....130.1763S', '2017MNRAS.469.1117C']	6	inproceedings		['ADS_OPENACCESS', 'ARTICLE', 'EPRINT_OPENACCESS', 'ESOURCE', 'NOT REFEREED', 'OPENACCESS', 'TOC']	('Arthur, S. J.', 86)	
1981590	1996A&A...313..897A	['A coupled hydrodynamic-ionisation model for the clumpy Wolf-Rayet ring nebula RCW 58.']	['Arthur, S. J.', 'Henney, W. J.', 'Dyson, J. E.']	['-', '-', '-']	1996	Astronomy and Astrophysics	313	['897']	1996-09-00	1996-09-01T00:00:00Z	['A&A', 'A&A...313']	['1997CoKon.100..239D', '1999IAUS..193..306M', '1999IAUS..193..653S', '1999NewAR..43...31F', '2000Ap&SS.272..197D', '2001A&A...367.1000P', '2001A&A...373.1043P', '2002A&A...395..499R', '2002ARA&A..40..439B', '2002ApJ...576..832P', '2002RMxAA..38...51G', '2003ApJ...594..888F', '2003CoKon.103..129D', '2005A&A...429..685G', '2007ASSP....1..183A', '2007ASSP....1..245P', '2007RMxAC..30...64A', '2008IAUS..250..341C', '2010ApJ...713..592E', '2010MNRAS.405..821P', '2022MNRAS.515.1815P']	21	article		['ADS_OPENACCESS', 'ARTICLE', 'DATA', 'ESOURCE', 'OPENACCESS', 'REFEREED']	('Arthur, S. J.', 86)	
1987346	1996ApJ...457..752A	['X-Rays from Mass-loaded Supernova Remnants in the Large Magellanic Cloud']	['Arthur, S. J.', 'Henney, W. J.']	['-', '-']	1996	The Astrophysical Journal	457	['752']	1996-02-00	1996-02-01T00:00:00Z	['ApJ', 'ApJ...457']	['1996A&A...313..897A', '1996ApJ...467..666O', '1997A&A...326.1195C', '1997AJ....113.1815C', '1997ApJ...484..810A', '1997IAUS..182..537H', '1998A&AS..127..119F', '1998ApJ...493..260M', '1999ApJ...522..863S', '2000MNRAS.314..511S', '2002A&A...390.1063D', '2002ApJ...571..809K', '2002IAUS..207..459S', '2003A&A...401.1027P', '2003ApJ...590..822H', '2003CoKon.103..129D', '2004Ap&SS.289..269O', '2004ApJ...613..302O', '2006AJ....131.2140T', '2007ASSP....1..245P', '2007IAUS..237..106O', '2010MNRAS.405..821P', '2011ApJ...729...28J', '2012MNRAS.425.2212A', '2015ApJ...812...87Z', '2016MNRAS.456..710F', '2016MNRAS.457.4470P', '2019MNRAS.488.3376P', '2020Ap&SS.365....6K']	29	article		['ADS_OPENACCESS', 'ARTICLE', 'DATA', 'ESOURCE', 'OPENACCESS', 'REFEREED']	('Arthur, S. J.', 86)	
2005789	1996LIACo..33..421A	['A coupled hydrodynamic-ionisation model for the clumpy Wolf-Rayet ring nebula RCW 58']	['Arthur, S. J.', 'Henney, W. J.']	['-', '-']	1996	Liege International Astrophysical Colloquia	33	['421']	1996-00-00	1996-01-01T00:00:00Z	['LIACo', 'LIACo..33']		0	inproceedings		['ADS_OPENACCESS', 'ARTICLE', 'ESOURCE', 'NOT REFEREED', 'OPENACCESS', 'TOC']	('Arthur, S. J.', 86)	
2002346	1996ibms.conf..521A	['X-Rays from Mass-Loaded Supernova Remnants in Stellar Wind Bubbles']	['Arthur, S. J.', 'Henney, W. J.']	['-', '-']	1996	The Interplay Between Massive Star Formation, the ISM and Galaxy Evolution	11	['521']	1996-00-00	1996-01-01T00:00:00Z	['ibms', 'ibms.conf']		0	inproceedings		['ARTICLE', 'NOT REFEREED', 'TOC']	('Arthur, S. J.', 86)	
1975765	1995RMxAC...3..181A	['Gaseous Nebulae; X-Rays from Mass Loaded Supernova Remnants (Invited paper)']	['Arthur, S. J.', 'Henney, W. J.']	['-', '-']	1995	Revista Mexicana de Astronomia y Astrofisica Conference Series	3	['181']	1995-12-00	1995-12-01T00:00:00Z	['RMxAC', 'RMxAC...3']		0	inproceedings		['ADS_OPENACCESS', 'ARTICLE', 'ESOURCE', 'NOT REFEREED', 'OPENACCESS', 'TOC']	('Arthur, S. J.', 86)	
1949137	1995Ap&SS.224..423A	['Effects of a Clumpy Circumstellar Medium on the Dynamics of Stellar Winds']	['Arthur, S. J.']	['Instituto de Astronomía, UNAM, México, D.F., México']	1995	Astrophysics and Space Science	224	['423']	1995-02-00	1995-02-01T00:00:00Z	['Ap&SS', 'Ap&SS.224']		0	article		['ADS_OPENACCESS', 'ARTICLE', 'ESOURCE', 'OPENACCESS', 'REFEREED']	('Arthur, S. J.', 86)	
1953143	1995ASPC...80..452F	['Compact Supernova Remnants and Active Galactic Nuclei']	['Franco, J.', 'Miller, W. W., III', 'Arthur, S. J.']	['-', '-', '-']	1995	The Physics of the Interstellar Medium and Intergalactic Medium	80	['452']	1995-00-00	1995-01-01T00:00:00Z	['ASPC', 'ASPC...80']		0	inproceedings		['ADS_OPENACCESS', 'ARTICLE', 'ESOURCE', 'NOT REFEREED', 'OPENACCESS', 'TOC']	('Arthur, S. J.', 86)	
1915419	1994ApJ...435..805F	['Thin Shell Formation in Radiative Shocks. I. Supernova Remnants in Low-Density Media']	['Franco, Jose', 'Miller, Walter Warren, III', 'Arthur, S. J.', 'Tenorio-Tagle, Guillermo', 'Terlevich, Roberto']	['Universidad Nacional Autonoma de Mexico, Mexico', 'Universidad Nacional Autonoma de Mexico, Mexico', 'Universidad Nacional Autonoma de Mexico, Mexico', 'Universidad Nacional Autonoma de Mexico, Mexico', 'Royal Greenwich Observatory, Cambridge, UK']	1994	The Astrophysical Journal	435	['805']	1994-11-00	1994-11-01T00:00:00Z	['ApJ', 'ApJ...435']	['1995ApJ...451..156G', '1995RvMP...67..661B', '1996ApJ...468..722S', '1996ApJ...469..171G', '1996MNRAS.283..419C', '1997MNRAS.286..271A', '1998A&A...330..419D', '1998A&A...335..370E', '1999MNRAS.310....1S', '2000ApJ...542..964A', '2000ApJ...544..336G', '2001PhPl....8.2432F', '2002A&A...390.1063D', '2002MNRAS.329..398M', '2003A&A...401.1027P', '2003ApJ...594..874S', '2004A&A...419..419B', '2006A&A...459..519A', '2006astro.ph..4057P', '2007A&A...467L..41M', '2007KPCB...23..137H', '2012ApJ...749..156O', '2013ApJ...766..114S', '2014A&A...561A..70A', '2016MNRAS.460.2962H', '2020MNRAS.495.1035S', '2021MNRAS.505.5301R']	27	article		['ADS_OPENACCESS', 'ARTICLE', 'DATA', 'ESOURCE', 'OPENACCESS', 'REFEREED']	('Arthur, S. J.', 86)	
1932690	1994MNRAS.269.1117A	['Mass-loaded flows - VII. Transonic flows from the cores of planetary nebulae.']	['Arthur, S. J.', 'Dyson, J. E.', 'Hartquist, T. W.']	['-', '-', '-']	1994	Monthly Notices of the Royal Astronomical Society	269	['1117']	1994-08-00	1994-08-01T00:00:00Z	['MNRAS', 'MNRAS.269']	['1995Ap&SS.224..423A', '1995ApJ...446..759W', '1995ApJ...448L.127C', '1995MNRAS.277..700D', '1996A&A...307..253B', '1996A&A...313..897A', '1996Ap&SS.235..165H', '1996Ap&SS.245..239M', '1996Ap&SS.245..263H', '1996ApJ...457..752A', '1996ApJ...473..773S', '1997ApJ...484..810A', '1997CoKon.100..377M', '1997IAUS..180..208B', '1999A&A...344..675W', '2000Ap&SS.272..197D', '2000ApJ...536..896C', '2000Sci...287...85Y', '2001A&A...367.1000P', '2001A&A...373.1043P', '2002MNRAS.329..670F', '2002MNRAS.333....1W', '2002RMxAA..38...51G', '2003CoKon.103..129D', '2003RMxAC..15....7L', '2005ApJ...628..758K', '2006A&A...446..643V', '2006A&A...455..953M', '2007A&A...470..239Z', '2007ASSP....1..245P', '2010ApJ...719.1872B', '2018MNRAS.480.1626B', '2020A&A...634A..18C', '2022MNRAS.515.1815P']	34	article		['ADS_OPENACCESS', 'ARTICLE', 'ASSOCIATED', 'DATA', 'ESOURCE', 'OPENACCESS', 'PUB_OPENACCESS', 'REFEREED']	('Arthur, S. J.', 86)	
1938071	1994RMxAA..29...84A	['Hot, fast planetary nebula haloes: a natural consequence of clumpy cores.']	['Arthur, S. J.', 'Dyson, J. E.', 'Hartquist, T. W.']	['-', '-', '-']	1994	Revista Mexicana de Astronomia y Astrofisica, vol. 29	29	['84']	1994-07-00	1994-07-01T00:00:00Z	['RMxAA', 'RMxAA..29']	['2000AJ....119.2332P']	1	article		['ADS_OPENACCESS', 'ARTICLE', 'DATA', 'ESOURCE', 'NOT REFEREED', 'OPENACCESS']	('Arthur, S. J.', 86)	
1942605	1994vsf..book..387F	['Starbursts and compact supernova remnants.']	['Franco, J.', 'Arthur, S. J.', 'Miller, W.']	['-', '-', '-']	1994	Violent Star Formation, from 30 Doradus to QSOs		['387']	1994-00-00	1994-01-01T00:00:00Z	['vsf', 'vsf..book']	['1995ApJ...451..156G']	1	inbook		['ARTICLE', 'NOT REFEREED']	('Arthur, S. J.', 86)	
1935398	1994nsa..book..210A	['Mass loaded astrophysical flows.']	['Arthur, S. J.', 'Dyson, J. E.', 'Hartquist, T. W.']	['-', '-', '-']	1994	Numerical Simulations in Astrophysics		['210']	1994-00-00	1994-01-01T00:00:00Z	['nsa', 'nsa..book']	['2002A&A...390.1063D']	1	inbook		['ARTICLE', 'NOT REFEREED']	('Arthur, S. J.', 86)	
1895328	1993MNRAS.261..681A	['Supernova remnants in plane-stratified media: predictions for H-alpha-emitting regions.']	['Arthur, S. J.', 'Falle, S. A. E. G.']	['Manchester Victoria Univ., United Kingdom', 'Leeds Univ., United Kingdom']	1993	Monthly Notices of the Royal Astronomical Society	261	['681']	1993-04-00	1993-04-01T00:00:00Z	['MNRAS', 'MNRAS.261']	['1994ApJ...435..805F', '1994RMxAA..29...91F', '1996ApJ...471..279D', '1997AJ....114.2068W', '1999ApJ...511..774J', '2003A&A...401.1027P', '2003A&A...408...79P', '2006ApJS..165..283A', '2016arXiv160902939Z']	9	article		['ADS_OPENACCESS', 'ARTICLE', 'DATA', 'ESOURCE', 'OPENACCESS', 'PUB_OPENACCESS', 'REFEREED']	('Arthur, S. J.', 86)	
1895311	1993MNRAS.261..425A	['Mass-loaded astronomical flows. IV. A time-dependent hydrodynamic model of an observed clumpy wind-blown bubble, RCW 58.']	['Arthur, S. J.', 'Dyson, J. E.', 'Hartquist, T. W.']	['Manchester, Victoria Univ., United Kingdom', 'Manchester, Victoria Univ., United Kingdom', 'Max-Planck-Inst. für extraterrestrische Physik, Garching bei München, Germany']	1993	Monthly Notices of the Royal Astronomical Society	261	['425']	1993-03-00	1993-03-01T00:00:00Z	['MNRAS', 'MNRAS.261']	['1994ApJ...430..511S', '1994MNRAS.269..447D', '1994MNRAS.269.1117A', '1995ApJ...446..759W', '1995ApJ...455..160G', '1996A&A...313..897A', '1996ApJ...457..752A', '1996ApJ...465..216H', '1996ApJ...473..773S', '1996RMxAA..32....3H', '1997ApJ...484..810A', '1997CoKon.100..239D', '1999MNRAS.306...43S', '2000AJ....120.1426G', '2000Ap&SS.272..163H', '2000Ap&SS.274..243Z', '2001A&A...367.1000P', '2001A&A...373.1043P', '2002RMxAA..38...51G', '2003ApJ...593..874T', '2003CoKon.103..129D', '2003MNRAS.339..623L', '2005ApJ...628..758K', '2007ASSP....1..183A', '2007ASSP....1..245P', '2007RMxAC..30...64A', '2008IAUS..250..341C', '2010ASPC..438...69E', '2010ApJ...713..592E', '2010MNRAS.405..821P', '2011ApJ...728..135Z', '2016A&A...586A.114M', '2022MNRAS.515.1815P']	33	article		['ADS_OPENACCESS', 'ARTICLE', 'ASSOCIATED', 'DATA', 'ESOURCE', 'OPENACCESS', 'PUB_OPENACCESS', 'REFEREED']	('Arthur, S. J.', 86)	
1902606	1993sfgi.conf..268A	['Mass-loaded stellar wind bubbles.']	['Arthur, S. J.', 'Dyson, J. E.', 'Hartquist, T. W.']	['-', '-', '-']	1993	Star Formation, Galaxies and the Interstellar Medium		['268']	1993-00-00	1993-01-01T00:00:00Z	['sfgi', 'sfgi.conf']		0	inproceedings		['ARTICLE', 'NOT REFEREED']	('Arthur, S. J.', 86)	
1902061	1993sfgi.conf..232A	['Fast Hα from supernova remnants in plane stratified media.']	['Arthur, S. J.', 'Falle, S. A. E. G.']	['-', '-']	1993	Star Formation, Galaxies and the Interstellar Medium		['232']	1993-00-00	1993-01-01T00:00:00Z	['sfgi', 'sfgi.conf']		0	inproceedings		['ARTICLE', 'NOT REFEREED']	('Arthur, S. J.', 86)	
1821405	1991MNRAS.251...93A	['Multigrid methods applied to an explosion at a plane density interface.']	['Arthur, S. J.', 'Falle, S. A. E. G.']	['Leeds, University, England', 'Leeds, University, England']	1991	Monthly Notices of the Royal Astronomical Society	251	['93']	1991-07-00	1991-07-01T00:00:00Z	['MNRAS', 'MNRAS.251']	['1993MNRAS.261..681A', '1996AJ....111.1651F', '1996ApJ...471..279D', '1996MNRAS.278..586F', '1997AJ....114.2068W', '2001A&A...377.1136V', '2001A&A...378..214H', '2002RMxAC..12...93D', '2003A&A...401.1027P', '2006MNRAS.371..369S', '2006RMxAA..42..241A', '2015JKAS...48..139C', '2016PhFl...28g4108W', '2018AIPC.1979h0015W', '2018MNRAS.477.2087R']	15	article		['ADS_OPENACCESS', 'ARTICLE', 'ESOURCE', 'OPENACCESS', 'PUB_OPENACCESS', 'REFEREED']	('Arthur, S. J.', 86)	
1811537	1991IAUS..148..331A	['Supernova Explosions in Stellar Wind Bubbles']	['Arthur, S. Jane']	['-']	1991	The Magellanic Clouds	148	['331']	1991-00-00	1991-01-01T00:00:00Z	['IAUS', 'IAUS..148']	['1991MNRAS.251...93A']	1	inproceedings		['ADS_OPENACCESS', 'ARTICLE', 'ESOURCE', 'NOT REFEREED', 'OPENACCESS', 'TOC']	('Arthur, S. Jane', 87)	
1811537	1991IAUS..148..331A	['Supernova Explosions in Stellar Wind Bubbles']	['Arthur, S. Jane']	['-']	1991	The Magellanic Clouds	148	['331']	1991-00-00	1991-01-01T00:00:00Z	['IAUS', 'IAUS..148']	['1991MNRAS.251...93A']	1	inproceedings		['ADS_OPENACCESS', 'ARTICLE', 'ESOURCE', 'NOT REFEREED', 'OPENACCESS', 'TOC']	('Arthur, S. Jane', 87)	
1811537	1991IAUS..148..331A	['Supernova Explosions in Stellar Wind Bubbles']	['Arthur, S. Jane']	['-']	1991	The Magellanic Clouds	148	['331']	1991-00-00	1991-01-01T00:00:00Z	['IAUS', 'IAUS..148']	['1991MNRAS.251...93A']	1	inproceedings		['ADS_OPENACCESS', 'ARTICLE', 'ESOURCE', 'NOT REFEREED', 'OPENACCESS', 'TOC']	('Arthur, S. Jane', 87)	
